avg_eng,cluster,max_eng,min_eng,n_posts,profile,tot_eng,var_eng,Star?,followers
484883.2535211268,0.539906103286385,848228,198217,213,raptors,103280133,166178.0158728731,0,2.2m followers
541361.4615384615,0.6923076923076923,848228,127816,13,sergeibaka,7037699,181581.29742882636,0,858k followers
633178.625,1.0,723934,502093,8,normanpowell4,5065429,83453.2076314754,0,190k followers
601731.1428571428,1.0,696478,502093,7,fredvanvleet,4212118,68670.12588073645,0,202k followers
587078.4222222222,0.8444444444444444,854893,280401,45,kyle_lowry7,26418529,130775.65606489628,0,1.2m followers
569430.8888888889,0.8888888888888888,706452,154757,9,k_mid22,5124878,162026.06452778244,0,170k followers
487691.4921465968,0.5445026178010471,810070,217833,191,bucks,93149075,155108.5142103957,0,1.8m followers
628543.8341968912,0.8911917098445595,956368,253363,193,giannis_an34,121308960,123631.73290168848,0,4.9m followers
603939.3793103448,0.8505747126436781,941443,304981,87,lukadoncic,52542726,131724.56521727462,1,2.6m followers
616215.7321428572,0.8571428571428571,898784,287156,56,traeyoung,34508081,115901.11941595908,0,1.4m followers
573011.3969072165,0.5979381443298969,909167,191794,388,warriors,222328422,181724.0734978682,0,11.8m followers
389966.89473684214,0.2631578947368421,646783,236897,19,nbastore,7409371,143650.35592441296,0,525k followers
705496.8,0.9434782608695652,1129585,284105,230,stephencurry30,162264264,112085.53872911363,1,25.5m followers
532481.0333333333,0.6,851603,210915,60,nbahistory,31948862,180312.33476406065,0,3.1m followers
573081.5,0.65,786669,292077,40,money23green,22923260,147761.90861739847,0,3.2m followers
483836.962962963,0.5185185185185185,792027,198217,189,trailblazers,91445186,161496.88518843875,0,1.4m followers
662085.3333333335,1.0,718485,597919,9,meyersleonard11,5958768,40518.27715056503,0,184k followers
622783.9135802471,0.9135802469135802,887189,226758,81,damianlillard,50445497,127109.73474818887,0,5.9m followers
385682.22222222225,0.2222222222222222,577007,283694,9,budweiserusa,3471140,101272.4789389716,0,67.3k followers
552426.7218543047,0.8278145695364238,853541,239843,151,nbaonespn,83416435,112413.10844310874,0,2.9m followers
613607.5,1.0,646075,581140,2,kristenledlow,1227215,45915.97883634847,0,244k followers
589358.0,1.0,589358,589358,1,k_mid22Â,589358,,0,
701177.5,1.0,756280,646075,2,reggiemillertnt,1402355,77926.70282066347,0,363k followers
575421.8947368421,0.8947368421052632,696784,127816,19,pskills43,10933016,145076.79598708125,0,326k followers
583490.7321814254,0.8077753779697624,904413,204785,463,nbaontnt,270156209,136259.4629463912,0,3.8m followers
572136.0,0.75,723842,326003,12,marcgasol,6865632,150126.15143877562,0,336k followers
455808.4,0.4,718888,225247,10,youtube,4558084,198256.4686752995,0,19.9m followers
656624.3333333335,1.0,683063,626655,3,zachcollins_33,1969873,28369.258385325014,0,90.5k followers
657134.0,1.0,767436,587922,6,eneskanter11,3942804,62954.16274401559,0,391k followers
442880.3703703704,0.5185185185185185,683459,177134,27,nbagleague,11957770,181325.67246322887,0,740k followers
574712.2727272727,0.8181818181818182,693473,359722,11,sdotcurry,6321835,118880.32374458856,0,1.9m followers
659820.8,1.0,799842,507998,15,giannis_an34Â,9897312,76560.49363477224,0,
471492.0,0.0,471492,471492,1,spiceadams,471492,,0,1m followers
471492.0,0.0,471492,471492,1,tristanj22,471492,,0,1.2m followers
471492.0,0.0,471492,471492,1,jesser,471492,,0,546k followers
539064.5,0.5,606637,471492,2,iamkrislondon,1078129,95561.94594345595,0,482k followers
640507.5192307692,0.8846153846153846,922334,223230,52,andre,33306391,132039.9972059106,0,1.7m followers
675140.0,1.0,675140,675140,1,andreÂ,675140,,0,
650774.25,1.0,745016,538831,4,flyght5,2603097,86042.90988173673,0,196k followers
697745.1666666665,1.0,829056,655460,6,jonasjerebko,4186471,67400.6286956336,0,167k followers
600816.0,1.0,655460,546172,2,jbell,1201632,77278.2859023154,0,399k followers
581411.2727272727,0.8181818181818182,703300,366699,11,thebledshow,6395524,103667.73253340783,0,596k followers
438830.7142857143,0.42857142857142855,662497,300660,7,magicjohnson,3071815,154191.1590847697,0,1.7m followers
570921.5,1.0,602840,539003,2,kenny,1141843,45139.57559060564,0,103k followers
602840.0,1.0,602840,602840,1,oregonmbb,602840,,0,64k followers
488708.83200000005,0.568,815120,204785,250,sixers,122177208,149530.52340633483,0,1.9m followers
573052.5527950311,0.7577639751552795,836685,255360,161,bensimmons,92261461,141483.12575316624,0,4.2m followers
602360.7719298246,0.8421052631578947,799842,127816,114,joelembiid,68669128,133450.8636697905,0,3.5m followers
625995.4411764706,0.9411764705882352,746862,346828,34,3jmccollum,21283845,99612.80747525637,0,1.1m followers
457663.78343949036,0.4203821656050956,802254,197310,157,nuggets,71853214,170135.33108134216,0,941k followers
642280.9375,1.0,700987,523046,16,thats_g_,10276495,52923.380944492135,0,139k followers
585508.9459459459,0.7837837837837838,763345,251265,37,jmglitxh27,21663831,145100.40368711474,0,344k followers
504026.9393939394,0.531986531986532,807341,210915,297,houstonrockets,149696001,167345.7543769069,0,3.6m followers
614779.6382978724,0.7872340425531915,819753,338767,47,klaythompson,28894643,141572.34578236972,1,6.2m followers
642639.3640552995,0.8248847926267281,894402,210915,217,jharden13,139452742,161543.71910813538,1,9.8m followers
695243.4285714285,1.0,782535,588918,7,sdot1414,4866704,71926.33011597618,0,661k followers
627372.8073394495,0.8899082568807339,791083,247909,109,cp3,68383636,117409.9577428401,1,8.9m followers
379390.0,0.0,379390,379390,1,beyonce,379390,,0,128m followers
632451.1666666665,1.0,722177,515477,18,officialeg10,11384121,60676.916455106715,0,297k followers
583720.0,1.0,649110,504415,6,hoodie5,3502320,48863.27248967264,0,226k followers
606171.0,1.0,606171,606171,1,hoodie5Â,606171,,0,
688798.375,1.0,799842,579396,8,joelembiidÂ,5510387,90179.47675281065,0,
620573.3529411765,0.8823529411764706,816798,297229,34,jimmybutler,21099494,122169.39502825012,0,4.1m followers
585865.4,1.0,665854,507172,10,tobiasharris,5858654,54079.75874206541,0,359k followers
489200.8,0.6,627503,296964,5,Bucks,2446004,125231.89077746929,0,
673117.0,1.0,673117,673117,1,pjtucker,673117,,0,483k followers
646678.3676470588,0.8235294117647058,907781,317545,68,easymoneysniper,43974129,140369.2197121369,1,10.5m followers
805191.34,0.8933333333333333,1066099,226327,150,kyrieirving,120778701,182251.82777352247,1,12.6m followers
500921.25,0.5,562887,430226,4,BudweiserUSA,2003685,60962.68478544888,0,
574928.6983050847,0.6542372881355932,992351,220986,295,celtics,169603966,175600.43749738391,0,4.1m followers
650090.4285714285,1.0,696429,594588,7,paulmillsap4,4550633,37542.99881405828,0,237k followers
539003.0,1.0,539003,539003,1,kennysmithÂ,539003,,0,
655298.0,1.0,719804,590792,2,austinjrivers,1310596,91225.26005443887,0,340k followers
590792.0,1.0,590792,590792,1,patconnaughton,590792,,0,95.2k followers
658097.5714285715,0.8571428571428571,921085,388950,7,alhorford,4606683,185086.3494578113,0,519k followers
663660.1,1.0,791543,497890,10,youngamechanger,6636601,88928.89975761535,0,398k followers
650324.3636363636,0.9696969696969696,746285,470063,33,ccapela15,21460704,64667.90525050767,0,274k followers
452808.33333333326,0.6666666666666666,632596,127816,3,chiefhasarrived,1358425,281982.28404694743,0,84.4k followers
660220.0,1.0,660220,660220,1,money23greenÂ,660220,,0,
611528.6290322582,0.8709677419354839,836311,305431,62,vicoladipo,37914775,126510.41240801886,0,1.3m followers
504540.2173913043,0.6195652173913043,743687,212487,92,pacers,46417700,160775.90805858356,0,1.5m followers
523500.66666666674,0.3333333333333333,641761,463174,3,fchwpoÂ,1570502,102423.44185943632,0,
608747.6666666665,1.0,669920,505388,6,foestar13,3652486,58112.77004812856,0,286k followers
759484.2307692308,0.7692307692307693,1003437,268386,13,kyrieirvingÂ,9873295,256546.08335188488,0,
601942.5131578947,0.8289473684210527,794352,197310,76,ygtrece,45747631,141130.45505068405,1,7.8m followers
460420.4433962264,0.4528301886792453,807735,198217,212,okcthunder,97609134,159151.98220259702,0,4.2m followers
622091.3333333335,1.0,723698,538977,3,mbeasy5,1866274,93738.66200417698,0,89.2k followers
538977.0,1.0,538977,538977,1,biggametae,538977,,0,115k followers
430226.0,0.0,430226,430226,1,billwaltonÂ,430226,,0,
527333.5,0.75,799565,226758,8,damianlillardÂ,4218668,189874.3190601916,0,
574580.9823529412,0.8411764705882353,911889,210915,170,nbatv,97678767,137911.6898149933,0,5.1m followers
449574.33333333326,0.5,673514,270100,12,footlocker,5394892,148759.13188429712,0,10.1m followers
473040.8782608696,0.4956521739130435,869172,198217,115,spurs,54399701,178268.28860220907,0,2.6m followers
704875.2,1.0,798446,612044,5,easymoneysniperÂ,3524376,77532.98604916492,0,
620612.15,0.9,736756,330110,20,trezz24,12412243,93978.77166583113,0,151k followers
506973.0506329114,0.6455696202531646,702302,235502,79,laclippers,40050871,152258.42097160546,0,2.1m followers
447032.33333333326,0.3333333333333333,679690,303486,3,Celtics,1341097,203317.44809615664,0,
276868.4,0.0,357921,221015,5,adamsilvernba,1384342,50248.751047165344,0,399k followers
582782.3773584906,0.8301886792452831,767754,231236,53,demar_derozan,30887466,142474.00137558515,0,2.4m followers
663055.75,1.0,790269,546536,4,jakob,2652223,100811.94219725822,0,70.5k followers
562887.0,1.0,562887,562887,1,Nuggets,562887,,0,
514276.6,0.8,563998,332648,5,Spurs,2571383,101644.17444841588,0,
281604.5,0.0,311944,251265,2,jmglitxh27Â,563209,42906.53237561852,0,
572198.5769230769,0.8076923076923077,714673,239347,26,louwillville,14877163,132117.46198536304,0,835k followers
600268.3333333335,0.8333333333333334,665678,470063,6,ccapela15Â,3601610,69441.53915536914,0,
480199.7102803738,0.5420560747663551,759726,199728,107,utahjazz,51381369,164784.93893740393,0,811k followers
664444.6666666665,1.0,749970,537253,3,andrewbogut,1993334,112312.92455605158,0,29.6k followers
533926.4655172414,0.6091954022988506,831345,258469,174,russwest44,92903205,170763.79363226792,1,13.1m followers
690834.1875,1.0,750534,599153,16,stevenadams,11053347,40212.54179849656,0,408k followers
480179.7777777778,0.5555555555555556,800886,223601,9,dwhite921,4321618,191873.0503423929,0,66.7k followers
462280.4,0.4666666666666667,801389,185328,60,brooklynnets,27736824,170448.16952815393,0,1.1m followers
643335.1523809524,0.9523809523809524,846188,288846,105,spidadmitchell,67550191,94353.15084317137,0,2.3m followers
606752.2,1.0,706452,511378,5,bossmann99,3033761,69412.10225673906,0,403k followers
608541.8,0.8,723619,311451,5,reggie_jackson,3042709,168459.82943034222,0,140k followers
470063.0,0.0,470063,470063,1,thebledshowÂ,470063,,0,
463567.1346153846,0.4807692307692308,802413,220986,52,detroitpistons,24105491,178871.30442973034,0,891k followers
613216.6923076923,0.8461538461538461,789624,303594,13,ruuufio,7971817,124806.69269540036,0,516k followers
483686.3548387097,0.5161290322580645,776137,198217,62,orlandomagic,29988554,177328.94212299972,0,890k followers
678012.0,1.0,723129,635200,4,3tross1,2712048,39458.955662815,0,355k followers
576698.75,0.875,736751,154757,8,danilogallogallinari,4613590,181669.2704125117,0,335k followers
641938.1666666665,0.9444444444444444,921085,395706,18,gordonhayward,11554887,127276.18914011141,0,1.5m followers
639320.4782608695,0.9130434782608696,867843,367768,69,jaytatum0,44113113,106853.28720295284,0,2.3m followers
623339.0,0.9545454545454546,750409,419812,22,turner_myles,13713458,92473.66698996762,0,176k followers
622823.75,1.0,681494,565603,4,landryshamet,2491295,47686.203625891634,0,79.5k followers
696872.0,1.0,696872,696872,1,rolls_royce00,696872,,0,75.1k followers
531988.625,0.6666666666666666,726906,267800,24,espn,12767727,149281.06141533173,0,12.9m followers
586689.7692307692,0.7692307692307693,779321,271216,13,aldridge_121,7626967,155992.77901084285,0,372k followers
592707.0,1.0,592707,592707,1,mikescottvaÂ,592707,,0,
661926.4285714285,1.0,785558,535734,7,carislevert,4633485,74889.95091211535,0,117k followers
631632.75,0.9375,750547,451239,16,_bigjayy_,10106124,80619.38081421034,0,94.5k followers
436616.25,0.5,608852,244899,4,spurs_austin,1746465,152491.54528120568,0,30.4k followers
656391.7272727273,0.8787878787878788,948528,329611,33,fchwpo,21660927,134642.8868633321,0,1m followers
630060.7,0.9,728891,325338,10,russwest44Â,6300607,121477.35540608199,0,
650868.0,1.0,650868,650868,1,dwhite921Â,650868,,0,
592653.25,0.75,665149,480932,4,the_4th_holiday,2370613,84637.21136858185,0,62.2k followers
646758.3846153846,1.0,756621,502217,13,youngheirgordon,8407859,75518.09416020602,0,991k followers
614872.0,1.0,614872,614872,1,landryshametÂ,614872,,0,
609253.0,1.0,609253,609253,1,patbev21,609253,,0,264k followers
589483.3333333335,0.8333333333333334,742658,349162,6,boban,3536900,146417.8445814125,0,423k followers
618826.0,1.0,643889,593763,2,spencerdinwiddie,1237652,35444.43451375688,0,171k followers
697323.1428571428,1.0,756749,629440,7,kennethfaried35,4881262,48596.75918353874,0,521k followers
619365.7692307692,0.8846153846153846,778612,398240,26,gmb_chum12,16103510,89225.39721460821,0,615k followers
691725.4444444445,1.0,786553,540847,18,stephencurry30Â,12451058,56828.05465118359,0,
677822.2,1.0,745693,591681,5,djaugustin,3389111,65392.379622552355,0,31.2k followers
581648.5,0.5,712017,451280,2,khembirch,1163297,184368.90080623684,0,10.3k followers
612381.6,0.8,738864,477099,5,jonisaac_01,3061908,94201.08523419463,0,76.8k followers
206021.0,0.0,255601,177134,3,rgvvipers,618063,43132.55973159952,0,14.7k followers
294852.0,0.2,562526,177134,5,longislandnets,1474260,157356.63327136866,0,10.9k followers
243983.0,0.0,243983,243983,1,RGVVipers,243983,,0,
243983.0,0.0,243983,243983,1,LongIslandNets,243983,,0,
499154.947368421,0.5894736842105263,774585,235502,95,dallasmavs,47419720,162724.2405524436,0,1.2m followers
536247.7741935485,0.6612903225806451,754439,220257,62,atlhawks,33247362,155926.68058548286,0,1m followers
572448.0,1.0,572448,572448,1,katielou33,572448,,0,109k followers
545758.5,1.0,572448,519069,2,chicagosky,1091517,37744.65287295672,0,64.5k followers
549037.483931947,0.7249527410207941,911889,177134,1058,nba,580881658,150647.89549088856,0,37.4m followers
410688.24444444437,0.4666666666666667,783795,143702,45,wnba,18480971,232940.9225762809,0,632k followers
602480.5833333335,0.9166666666666666,834563,296132,12,graysonjallen,7229767,144226.6877456573,0,466k followers
634324.7338709678,0.8709677419354839,960297,257718,124,dwyanewade,78656267,137688.36730933632,1,13.7m followers
441800.4,0.4,680356,300429,5,delonwright,2209002,186686.6611057148,0,105k followers
404609.4848484849,0.2727272727272727,807633,265683,33,memgrizz,13352113,172414.98627876744,0,737k followers
528068.5744680851,0.6170212765957447,869592,257718,47,swish41,24819223,178532.0561303189,0,843k followers
504508.72043010755,0.6021505376344086,802355,220257,93,miamiheat,46919311,170051.01452175318,0,3.3m followers
615379.8,1.0,675918,533028,5,ud40,3076899,63372.62827278036,0,509k followers
623322.4,0.92,748373,411664,25,milesbridges,15583060,90478.69771710539,0,283k followers
505827.2027027027,0.6081081081081081,823257,210915,74,hornets,37431213,173364.0376268199,0,1m followers
616433.4390243902,0.902439024390244,809982,221015,41,_kw15,25273771,124969.48495453775,0,1.1m followers
536284.96,0.68,717356,261103,25,carmeloanthony,13407124,160090.91629536636,1,6.5m followers
780689.7026378897,0.8393285371702638,1129585,273845,417,kingjames,325547606,199053.75127163623,1,49.4m followers
480614.5,0.625,731919,263821,8,dwyanewadeÂ,3844916,183295.5637807808,0,
222692.0,0.0,222692,222692,1,moe_harklessÂ,222692,,0,
177134.0,0.0,177134,177134,1,ipjh55Â,177134,,0,
559051.8,0.8,670755,222692,5,moe_harkless,2795259,190157.0991619824,0,86k followers
522618.4528301887,0.6792452830188679,748042,265994,53,suns,27698778,151589.8763458834,0,1m followers
605232.3333333335,0.6666666666666666,809306,349964,3,zmane2,1815697,233911.1768649231,0,0 followers
491930.5,0.5,734970,248891,2,channingfrye,983861,343709.75709237583,0,312k followers
586813.0,0.8,706465,343492,5,tomasatoransky,2934065,142107.43757629296,0,67k followers
638313.5,1.0,640378,636249,2,leaninorg,1276627,2919.643899519255,0,173k followers
263821.0,0.0,263821,263821,1,americanairlinesarena,263821,,0,66.8k followers
471258.8275862069,0.4942528735632184,745083,217833,87,pelicansnba,40999518,161394.85401476306,0,1.2m followers
293671.0,0.0,293671,293671,1,alantwilliams,293671,,0,35.1k followers
511343.0,0.5,801002,313221,4,evanturner,2045372,232682.96522235285,0,197k followers
586303.0,0.5,755406,417200,2,oraclearena,1172606,239147.7560379775,0,133k followers
712082.0,1.0,712082,712082,1,50mejri,712082,,0,105k followers
608949.3333333335,0.8333333333333334,727702,306719,6,supermariohezonja,3653696,155534.04651801055,0,81.5k followers
626162.5555555555,0.8888888888888888,767053,375485,9,23,5635463,110978.11631703694,0,10k followers
685623.6666666665,1.0,730685,586575,6,callme_nonstop,4113742,60079.78702580983,0,69.3k followers
541104.4827586206,0.6896551724137931,776333,226050,87,timberwolves,47076090,163580.15575764215,0,1.5m followers
646881.3125,0.875,888809,248891,16,kevinlove,10350101,171419.91310024585,0,2.9m followers
248891.0,0.0,248891,248891,1,channingfryeÂ,248891,,0,
248891.0,0.0,248891,248891,1,aplayersprogram,248891,,0,80k followers
373927.0,0.5,562526,185328,2,tpinsonn,747854,266719.2636500033,0,125k followers
185328.0,0.0,185328,185328,1,garydwayne,185328,,0,57.8k followers
368937.7647058824,0.2352941176470588,720306,255054,17,hoophall,6271942,157672.55180497072,0,338k followers
662319.7142857143,0.8571428571428571,884949,440705,7,acfresh21,4636238,135207.62717972472,0,106k followers
583342.5787037037,0.6666666666666666,1044657,220257,216,lakers,126001997,187958.48684990362,0,8.3m followers
540035.0,0.6666666666666666,685692,365028,12,collinyoungbull,6480420,102165.06491146392,0,745k followers
650741.6896551724,0.8620689655172413,876978,310302,29,larrydn7,18871509,135603.6888252211,0,499k followers
552929.6666666665,0.7777777777777778,738957,236872,63,nyknicks,34834569,140443.07632792587,0,2m followers
604291.7333333333,0.8333333333333334,790570,240148,30,blakegriffin23,18128752,149923.50506955286,0,3.5m followers
575181.0,0.8,724398,239578,5,jeremylamb1,2875905,195352.2880119401,0,113k followers
402537.8,0.4,634164,225551,5,OKC,2012689,183704.97968944663,0,
502015.5625,0.5625,850838,191794,64,sacramentokings,32128996,182531.1972333945,0,1.1m followers
590914.4375,0.75,797746,266124,32,boogiecousins,18909262,161495.28183199646,0,2.9m followers
671233.0,1.0,671233,671233,1,meyersleonard11Â,671233,,0,
573614.0,0.5454545454545454,895692,292157,11,nbakicks,6309754,226555.9289367639,0,401k followers
604035.75,0.8214285714285714,774325,154757,28,jcollins20_,16913001,149342.77555010573,0,122k followers
628295.16,0.9,847099,239843,50,karltowns,31414758,122376.67550846645,0,2.4m followers
654958.0,1.0,671233,638683,2,dominiquewilkins21,1309916,23016.325727622123,0,130k followers
378281.08333333326,0.25,563906,290593,12,expressmen,4539373,95483.76228587324,0,143k followers
579747.4210526316,0.7894736842105263,774142,205326,19,dloading,11015201,168579.60306445268,0,2.9m followers
585893.0967741936,0.7741935483870968,853198,298045,31,dbook,18162686,157666.83689335873,0,2.4m followers
610562.8,0.6,729116,440713,5,dk2house,3052814,147975.84259499927,0,52.3k followers
651630.5,1.0,652916,650345,2,_alvo_,1303261,1817.9715344306135,0,88.3k followers
671245.0,1.0,671245,671245,1,mbeli21,671245,,0,358k followers
585328.9090909091,0.7272727272727273,805970,255258,11,bogdanbogdanovic,6438618,187382.1937658189,0,527k followers
587895.023255814,0.7674418604651163,889775,276871,43,rajonrondo,25279486,155799.72276604228,0,1.1m followers
652469.5555555555,1.0,736649,564540,9,josh_j11,5872226,54568.292691615134,0,320k followers
616631.75,1.0,671257,515858,4,44bojan,2466527,71281.05876212839,0,70.7k followers
558489.0,0.75,795222,287156,4,traeyoungÂ,2233956,208429.16451399022,0,
637040.6666666665,1.0,677505,550428,6,ivicazubac,3822244,47876.77595940089,0,167k followers
655027.0,1.0,719207,546172,3,qcook323,1965081,94774.3083593861,0,612k followers
599400.25,0.8333333333333334,727518,154757,12,rudygay,7192803,188876.1432137353,0,772k followers
388817.2,0.2,604941,309752,5,ATLHawks,1944086,122277.06915730356,0,
674393.0,1.0,719220,629566,2,james16johnson_,1348786,63394.95136049872,0,42.7k followers
639042.4827586206,0.9655172413793104,776403,351816,29,swipathefox,18532232,86034.73255179341,0,1.2m followers
535570.0,0.6666666666666666,691337,259279,3,buddylove242,1606710,239923.0184309125,0,458k followers
439336.0,0.0,439336,439336,1,billiejeanking,439336,,0,53.7k followers
720320.8181818181,0.9545454545454546,953277,154757,22,javalemcgee,15847058,163725.54883260222,0,1.2m followers
632983.0,1.0,653207,612759,2,nerlensnoel3,1265966,28601.05508543348,0,298k followers
675109.0909090909,1.0,786305,556558,11,jabariparker,7426200,68000.70534112796,0,525k followers
510377.61643835617,0.6301369863013698,832812,212487,73,washwizards,37257566,164343.57018061873,0,1m followers
564392.0,1.0,612926,515858,2,wessywes23,1128784,68637.4410362158,0,175k followers
598799.6896551724,0.8620689655172413,802152,257580,29,manuginobili,17365191,148601.44547006633,0,1.1m followers
594354.25,0.75,727795,337564,8,the_1_dragon,4754834,163443.75878199114,0,330k followers
675862.8333333335,1.0,745787,614275,6,pr00fessortrill,4055177,42952.52486835514,0,575k followers
520805.8,0.6,696503,265683,5,mac11,2604029,199586.54290232094,0,451k followers
679730.3333333335,1.0,714292,628768,3,nolimittb,2039191,45059.128313065856,0,74.9k followers
723083.8823529412,1.0,944891,598592,17,unclejeffgreen,12292426,90407.62586743053,0,315k followers
673418.2,1.0,722958,573641,5,justholla7,3367091,58685.366299444715,0,152k followers
536620.5,1.0,561538,511703,2,rudygobert27Â,1073241,35238.6664404316,0,
511703.0,1.0,511703,511703,1,lrmuzician,511703,,0,557 followers
568104.5,0.9,648982,441407,10,unitedmasters,5681045,66808.10582099218,0,201k followers
588112.0,0.7142857142857143,905061,314854,7,chrisbosh,4116784,207535.362747332,0,2.1m followers
680310.2352941176,1.0,779321,524278,17,stephensonlance,11565274,65084.77851956766,0,1.8m followers
646647.0,1.0,719402,605392,7,dwightpowell,4526529,41325.814305346736,0,49.5k followers
643104.5294117647,0.8235294117647058,834919,411672,17,therea1djones,10932777,111562.14966730298,0,228k followers
660375.6666666665,1.0,707265,612804,6,jrich_0,3962254,44156.92596486611,0,176k followers
567223.5,0.75,739604,260591,4,JHarden13,2268894,210514.8509638532,0,
355984.46666666673,0.06666666666666668,650704,240475,15,NBAHistory,5339767,108037.39116677988,0,
416547.0,0.5,607543,225551,2,NBAGLeague,833094,270109.13355901174,0,
225551.0,0.0,225551,225551,1,GRDrive,225551,,0,
225551.0,0.0,225551,225551,1,Raptors905,225551,,0,
225551.0,0.0,225551,225551,1,SLCStars,225551,,0,
225551.0,0.0,225551,225551,1,OKCBlue,225551,,0,
607130.5,1.0,702540,511721,2,youngheirgordonÂ,1214261,134929.40887923582,0,
481988.0,0.5,724398,239578,2,jeremylamb1Â,963976,342819.509654862,0,
675833.25,1.0,706779,639402,4,dougmcd03,2703333,33188.4850349736,0,294k followers
324148.0,0.0,324148,324148,1,olskool888Â,324148,,0,
631513.6,1.0,673283,602367,5,thonmaker,3157568,32660.700731919394,0,169k followers
646344.7674418605,0.8837209302325582,996626,370577,43,kuz,27792825,128252.81588978431,0,3m followers
497047.5,0.75,645849,127816,4,evanfournier10,1988190,246867.4607591423,0,114k followers
471652.0,0.5,671825,240475,4,nicbatum88,1886608,223806.52907068343,0,218k followers
576694.2,0.8,791436,240475,10,bosnianbeast27,5766942,157340.19925894478,0,394k followers
621546.25,1.0,677317,575466,4,nicholascollison,2486185,42259.217963855735,0,106k followers
714052.5,1.0,779632,654288,4,bennythebull,2856210,60496.429346422316,0,245k followers
575466.0,1.0,575466,575466,1,nicholascollisonÂ,575466,,0,
680756.5,1.0,732654,628859,2,chap,1361513,73394.1483532577,0,106k followers
598170.1428571428,0.7857142857142857,806110,317444,14,mb3five,8374382,131277.09723028154,0,583k followers
411167.3,0.3,700718,265994,10,elfrid,4111673,159273.5328853758,0,125k followers
606802.7368421053,0.8421052631578947,936604,326079,19,isaiahthomas,11529252,140941.77550788765,0,3.6m followers
410306.25,0.25,664238,303486,4,beatsbydre,1641225,170715.20053854806,0,4.2m followers
454409.66666666674,0.16666666666666666,631873,317800,12,Lakers,5452916,72729.22180043567,0,
429187.89473684214,0.3157894736842105,704401,281731,19,HoustonRockets,8154570,150151.67296137402,0,
441172.375,0.25,696743,317800,8,Warriors,3529379,145755.36285839413,0,
431731.5,0.5,559977,303486,2,Sixers,863463,181366.5254133188,0,
347406.6,0.2,530508,225551,5,Raptors,1737033,112403.97495996304,0,
239347.0,0.0,239347,239347,1,louwillvilleÂ,239347,,0,
592968.8421052631,0.7894736842105263,785991,223230,19,andredrummondd,11266408,167071.53169800693,0,1.1m followers
606266.0,1.0,606266,606266,1,lukekennard5,606266,,0,208k followers
642980.0,1.0,719402,566558,2,bradbeal3Â,1285960,108077.02886367666,0,
716964.6666666665,1.0,798834,612915,3,caldwellpope,2150894,94923.3587181434,0,208k followers
307402.0,0.0,307402,307402,1,willthethrillb5Â,307402,,0,
646641.0,1.0,680356,612926,2,coryjoseph,1293282,47680.2102554089,0,211k followers
613680.0833333335,0.75,779730,370338,12,hami,7364161,137074.56536462743,0,"1,626 followers"
670999.9166666665,1.0,834919,519249,12,kellyoubrejr,8051999,83067.45499505845,0,734k followers
676265.1666666665,1.0,756499,644353,6,fearthefro95,4057591,40751.49943948893,0,29.4k followers
633238.0857142857,0.8857142857142857,974235,280089,70,antdavis23,44326666,129262.9359870514,0,3.3m followers
550375.0,1.0,612300,488450,2,jalenbrunson1,1100750,87575.17484995391,0,100k followers
577480.7068273092,0.6626506024096386,973382,212487,249,cavs,143792696,167855.1480134564,0,7.1m followers
617002.75,0.75,684659,472521,4,cediosman,2468011,97673.51499212396,0,578k followers
635706.6666666665,1.0,799857,516582,3,_kw15Â,1907120,146906.9923466318,0,
621348.6666666665,0.8333333333333334,721828,318406,6,cp3Â,3728092,152343.7579891827,0,
374258.44444444455,0.1111111111111111,671805,298755,9,CP3,3368326,113671.08425970863,0,
617350.4444444445,1.0,664706,535413,9,laurimarkkanen,5556154,39739.714112934664,0,312k followers
684909.5,1.0,696341,673478,2,dulenader2,1369819,16166.582338268037,0,51.5k followers
647647.0,1.0,665854,629440,2,boogiecousinsÂ,1295294,25748.586330126942,0,
618004.0,1.0,618004,618004,1,natalienakase,618004,,0,11.3k followers
399906.0,0.5,671996,127816,2,_cd13,799812,384793.3681860953,0,56k followers
576212.7777777779,0.7777777777777778,732800,383633,9,bensimmonsÂ,5185915,128004.22599447428,0,
520824.0,1.0,520824,520824,1,iisuperwomanii,520824,,0,8.8m followers
629007.0,1.0,629007,629007,1,fergski23Â,629007,,0,
558868.2673434856,0.7258883248730964,898784,185328,591,t,330291146,150534.67195403212,0,
672008.0,1.0,672008,672008,1,sterlingbrown23,672008,,0,83.2k followers
510924.8484848485,0.30303030303030304,1077014,350294,33,KingJames,16860520,174619.80593798653,0,
667417.0384615385,1.0,811194,502217,26,zachlavine8,17352843,64138.532150638304,0,1.8m followers
551297.3023255814,0.7674418604651163,754549,199728,43,chicagobulls,23705784,149881.9964209201,0,4.3m followers
627694.2,0.95,734455,305431,20,rudygobert27,12553884,96761.243596695,0,319k followers
665878.0,1.0,665878,665878,1,ry_arch15Â,665878,,0,
667223.8,1.0,717175,613026,5,ishsmith5,3336119,42153.78820699274,0,40.9k followers
508498.1428571429,0.5714285714285714,780689,271511,7,nba2kleague,3559487,192769.7562883664,0,111k followers
570976.0,1.0,570976,570976,1,utahjazzgaming,570976,,0,"3,733 followers"
586033.1428571428,0.8571428571428571,735066,276871,7,rajonrondoÂ,4102232,149873.76346604564,0,
671229.5238095238,0.8809523809523809,922334,329648,42,desmith4,28191640,121876.10795318535,0,838k followers
639026.25,1.0,696505,613082,4,kevin_huerter,2556105,38851.90409212055,0,58.7k followers
613048.0,1.0,613048,613048,1,rich_holmes22,613048,,0,48.6k followers
662327.0,1.0,734589,613048,3,iamjustise,1986981,63946.988881416466,0,634k followers
674265.3636363636,0.9090909090909092,785288,460113,11,bam1of1,7416919,92237.90198207322,0,203k followers
571205.5,1.0,615196,527215,2,_bigjayy_Â,1142411,62211.961715573634,0,
615094.3333333335,1.0,635268,603584,3,nikstauskas11,1845283,17528.80407595833,0,148k followers
682547.75,1.0,696629,664791,4,shai,2730191,16497.304898578634,0,178k followers
654424.5,1.0,719598,614364,4,_dfavors15,2617698,47800.12576343288,0,77k followers
696941.0,1.0,696941,696941,1,jdot43,696941,,0,163k followers
679720.7,0.8,890701,358253,10,staplescenterla,6797207,192778.26153442022,0,108k followers
449849.5,0.5,566397,333302,2,marcgasolÂ,899699,164823.05516067828,0,
668247.0,1.0,706458,639230,5,joeingles7,3341235,26280.032952795173,0,166k followers
513595.0,0.5,560936,466254,2,littlechrisp,1027190,66950.28425630469,0,304k followers
592999.0,1.0,635361,504373,7,lukadoncicÂ,4150993,46089.569105529,0,
629253.5,1.0,654802,603705,2,jrue_holiday11Â,1258507,36131.03519828902,0,
603705.0,1.0,603705,603705,1,reellyphent,603705,,0,318 followers
627283.6666666665,1.0,723776,535363,6,iso_zo,3763702,72378.99896148514,0,217k followers
682241.0,1.0,682241,682241,1,docrivers,682241,,0,21.3k followers
553796.2857142857,0.7857142857142857,738957,365028,14,kknox_23,7753148,113852.0910313894,0,308k followers
706183.0,1.0,706183,706183,1,atolliver44,706183,,0,35.5k followers
681601.3333333335,1.0,774142,635187,3,darrencollison_,2044804,80142.69758582707,0,20.8k followers
419503.33333333326,0.3333333333333333,609952,321940,3,demar_derozanÂ,1258510,164949.96786096485,0,
571421.6,0.7,763890,275209,10,jharden13Â,5714216,196979.75554818372,0,
668801.25,1.0,700847,614422,8,shabazznap13r,5350410,25657.488273406656,0,216k followers
632224.6666666665,1.0,663904,573206,3,allencrabbe,1896674,51157.70871856296,0,73.5k followers
723037.0,1.0,723037,723037,1,j_lay_lay,723037,,0,45.3k followers
475553.9142857143,0.37142857142857133,902493,221015,70,nbaallstar,33288774,171271.78990966993,0,1.3m followers
614322.0,1.0,614322,614322,1,SAPSports,614322,,0,
574070.0,1.0,574070,574070,1,rayemmanuel,574070,,0,109k followers
333461.0,0.0,333461,333461,1,janellemonae,333461,,0,3.1m followers
526135.5,0.5714285714285714,786006,248393,28,kobebryant,14731794,201416.09744681208,0,9.7m followers
604882.5714285715,0.8571428571428571,729055,458172,7,theofficialai3,4234178,89793.65722005302,0,6.3m followers
316774.5,0.0,384563,248986,2,meekmill,633549,95867.41607292855,0,16.7m followers
343946.0,0.0,343946,343946,1,NBAALLSTAR,343946,,0,
385367.5,0.0,426789,343946,2,NBAKICKS,770735,58578.84707383715,0,
315087.0,0.0,315087,315087,1,thanasis_ante43,315087,,0,404k followers
298322.0,0.0,298322,298322,1,ATTÂ,298322,,0,
298322.0,0.0,298322,298322,1,JanelleMonae,298322,,0,
469871.5,0.5,712033,267800,6,quavohuncho,2819229,194821.9893387294,0,12.8m followers
522814.83333333326,0.5,828036,260817,6,shaq,3136889,222560.90890488087,0,11.8m followers
563052.5,0.5,712033,414072,2,realcoleworld,1126105,210690.2436291249,0,4.7m followers
645938.6666666665,0.6666666666666666,786922,370338,3,joeharris__12,1937816,238698.4019413061,0,59.3k followers
747722.0,1.0,774325,721119,2,jcollins20_Â,1495444,37622.32339981145,0,
312555.33333333326,0.0,354095,259742,3,fiba,937666,48176.17484123593,0,815k followers
323829.0,0.0,323829,323829,1,nba_africa,323829,,0,"7,470 followers"
353488.0,0.0,353488,353488,1,rmfycharlotte,353488,,0,"1,034 followers"
549331.0,0.5,797247,301415,2,instagram,1098662,350606.16952928825,0,303m followers
355701.0,0.0,355701,355701,1,dreamville,355701,,0,880k followers
307608.5,0.0,339362,275855,2,pottheiser,615217,44906.230352814084,0,"5,585 followers"
378672.0,0.0,378672,378672,1,frenchmontana,378672,,0,11.8m followers
670440.0,1.0,670440,670440,1,rosgo21,670440,,0,226k followers
490056.0,0.3333333333333333,729014,370577,3,famouslos32,1470168,206943.6984375219,0,1.3m followers
606637.0,1.0,606637,606637,1,finishline,606637,,0,776k followers
729014.0,1.0,729014,729014,1,realjaywilliams,729014,,0,266k followers
338088.0,0.0,338088,338088,1,ohsnapjbsmoove,338088,,0,189k followers
338088.0,0.0,338088,338088,1,chrisdaughtry,338088,,0,250k followers
492536.75,0.5,744844,277211,8,trayfour,3940294,214195.22382813698,0,2.1m followers
321476.0,0.0,321476,321476,1,badbunnyprÂ,321476,,0,
380457.0,0.0,380457,380457,1,lebrechtmedia,380457,,0,"5,095 followers"
636485.4285714285,0.9428571428571428,785558,311932,35,jrue_holiday11,22276990,99707.63384583176,0,201k followers
451735.0,0.5,565700,337770,2,SHAQ,903470,161170.84863584978,0,
723142.0,1.0,723142,723142,1,demarrecarroll1,723142,,0,197k followers
673180.0,1.0,723142,602442,5,quese,3365900,46715.917592400976,0,86.8k followers
555939.0,1.0,555939,555939,1,tobiasharrisÂ,555939,,0,
262989.0,0.0,262989,262989,1,realbillrussell,262989,,0,76.5k followers
649029.5,1.0,720294,583387,6,greenranger14,3894177,44732.8233660698,0,640k followers
700273.3333333335,1.0,841083,620426,3,24baze,2100820,122309.78078769225,0,150k followers
595277.0,1.0,595277,595277,1,liluzivert,595277,,0,9.2m followers
313530.0,0.0,313530,313530,1,Paulmillsap4,313530,,0,
706362.0,1.0,706362,706362,1,stickity13,706362,,0,466k followers
695436.25,1.0,805740,635187,4,jlin7,2781745,78331.4456795609,0,1.7m followers
569842.2121212122,0.7878787878787878,767261,271617,33,deandre,18804793,147172.9921335683,0,2.1m followers
666077.1111111111,1.0,706984,570502,9,dsabonis11,5994694,42454.883504269696,0,118k followers
748834.3333333335,1.0,775116,723220,3,yutawatanabe12,2246503,25954.43515727771,0,49.5k followers
408413.0,0.0,408413,408413,1,kgarea21,408413,,0,227k followers
640673.5,1.0,674301,602258,4,malcolmbrogdon,2562694,30793.26338124406,0,
596484.25,0.875,748386,309823,8,timmyjr10,4771874,132702.58725516353,0,465k followers
742114.0,1.0,742114,742114,1,clydefrazier,742114,,0,"5,396 followers"
620880.88,0.92,761503,236872,25,kporzee,15522022,118326.8248483552,0,1.6m followers
531271.5714285715,0.5714285714285714,715453,290072,7,jaren,3718901,182716.35083361415,0,109k followers
774437.0,1.0,774437,774437,1,jasonwilliams55,774437,,0,233k followers
841205.0,1.0,841205,841205,1,spurscoyote,841205,,0,72k followers
330321.33333333326,0.0,388909,257718,3,NBAAllStar,990964,66709.06088630941,0,
785658.0,1.0,785658,785658,1,tcraig3_,785658,,0,41.6k followers
665622.8333333335,1.0,725347,616747,6,ds17_fg,3993737,48956.46729663679,0,1.5m followers
619546.0,1.0,619546,619546,1,eji_org,619546,,0,51.7k followers
479121.75,0.5,656209,270378,4,karltownsÂ,1916487,189699.87274178653,0,
740784.5,1.0,785304,696265,2,dmillerky,1481569,62960.080690069015,0,26.4k followers
249100.0,0.0,249100,249100,1,rudygayÂ,249100,,0,
629349.0,1.0,629349,629349,1,jah8,629349,,0,576k followers
610532.7777777779,0.8888888888888888,675527,406485,9,ahmad_monk,5494795,88422.44867223733,0,422k followers
570486.3333333335,0.6666666666666666,783809,259742,6,nbaacademy,3422918,219255.49735928327,0,83.4k followers
491477.5,0.5,818192,296987,4,DwyaneWade,1965910,239864.57667400574,0,
587292.7916666665,0.8333333333333334,727584,289963,24,bradbeal3,14095027,131440.317855334,0,934k followers
577260.3333333335,0.6666666666666666,696354,379357,3,jusanderson1,1731781,172568.81865601716,0,88.2k followers
441407.0,0.0,441407,441407,1,musicbybalance,441407,,0,"1,328 followers"
623555.8666666667,0.9333333333333332,778468,285061,15,NBAonTNT,9353338,105920.33620864496,0,
636823.6666666665,0.9047619047619048,793056,379357,21,markellefultz,13373297,105980.91674557893,0,2.1m followers
567561.4666666667,0.6666666666666666,861539,335586,15,therealmobamba,8513422,150643.68409209227,0,620k followers
669255.3333333335,1.0,717252,637472,3,krisdunn3,2007766,42289.079362565135,0,135k followers
432845.0,0.5,560709,304981,2,kostas__ante13,865690,180827.00293927343,0,389k followers
536353.5,0.75,658967,245222,4,dofficialmutombo,2145414,195485.60456548547,0,303k followers
259279.0,0.0,259279,259279,1,buddylove242Â,259279,,0,
634494.1538461539,0.9230769230769232,750357,482231,13,22wiggins,8248424,79640.71079107527,0,1.9m followers
676852.0,1.0,676852,676852,1,panicatthedisco,676852,,0,5m followers
455152.5,0.5,656399,253906,2,pskills43Â,910305,284605.5296801171,0,
539761.0,1.0,539761,539761,1,washwizardsÂ,539761,,0,
697911.0,1.0,734495,635304,3,roadtoriches_0,2093733,54475.78376673436,0,22.3k followers
596541.0,1.0,596541,596541,1,juniorknicks,596541,,0,"3,409 followers"
647635.6727272727,0.8909090909090909,917522,309823,55,zo,35619962,135153.0170609176,0,6.4m followers
471669.25,0.75,615979,127816,4,ianou76,1886677,231253.16997376853,0,52.9k followers
544377.0,1.0,544377,544377,2,ains_mn,1088754,0.0,0,226k followers
544377.0,1.0,544377,544377,1,adr13nsanmiguel,544377,,0,102k followers
544377.0,1.0,544377,544377,1,antonio_michail,544377,,0,132k followers
566439.5714285715,0.7142857142857143,762684,257135,14,_tonyparker09,7930154,168921.8935383197,0,428k followers
632593.9090909091,0.9090909090909092,785478,351591,11,sdinwiddie_2508,6958533,114672.18059359868,0,
464150.33333333326,0.6666666666666666,635327,154757,3,gtemp17,1392451,268448.8152950825,0,39.9k followers
635843.0,1.0,690102,581584,2,_tonyparker09Â,1271686,76733.81368080176,0,
563940.5,0.8333333333333334,704564,255618,6,NBATV,3383643,161414.31279257734,0,
255618.0,0.0,255618,255618,1,caronbutler,255618,,0,403k followers
255618.0,0.0,255618,255618,1,matrix31,255618,,0,128k followers
255618.0,0.0,255618,255618,1,gordongram,255618,,0,6.5m followers
611395.5714285715,0.7857142857142857,831324,328592,14,1ngram4,8559538,135623.0338393969,0,2m followers
506997.2,0.4,680270,290072,5,sviat_10,2534986,169291.61928666168,0,132k followers
628469.0,1.0,628469,628469,1,taureanprince,628469,,0,158k followers
587920.0,1.0,602542,573298,2,sergeibakaÂ,1175840,20678.6307090194,0,
615392.2,0.8,831907,377716,5,kkorv26,3076961,161563.94231913256,0,722k followers
553674.1666666665,0.6666666666666666,745749,365028,6,wendellcarterjr,3322045,131039.80212960744,0,154k followers
647662.8,1.0,696327,588220,5,mkg14,3238314,42547.95096946503,0,200k followers
317518.5,0.0,317730,317307,2,google,635037,299.10616844190963,0,9.9m followers
654253.0,1.0,654253,654253,1,miamiheatÂ,654253,,0,
703777.25,1.0,807507,632905,4,zoÂ,2815109,73797.91909611454,0,
635396.0,1.0,635396,635396,1,kellyoubrejrÂ,635396,,0,
701481.0,1.0,701481,701481,1,mannypacquiao,701481,,0,5m followers
635408.0,1.0,635408,635408,1,jhartÂ,635408,,0,
643328.4444444445,1.0,721972,579680,9,jordanclarksons,5789956,40887.675215494666,0,1.2m followers
691621.5,1.0,727808,628549,6,tharealjsimms,4149729,41287.22412441893,0,122k followers
680835.0,1.0,680835,680835,1,irv_roland,680835,,0,23.5k followers
610664.5,1.0,615390,605939,2,swayyvo,1221329,6682.86618899406,0,"6,569 followers"
526498.125,0.75,697208,127816,8,bismackbiyombo,4211985,211896.58175253964,0,112k followers
593512.5,0.75,736658,343050,4,teamslowmo,2374050,173853.94675704086,0,137k followers
636466.4444444445,1.0,810019,528406,9,vicoladipoÂ,5728198,88706.80600313471,0,
645985.4285714285,0.8571428571428571,756678,459742,7,jeramigrant,4521898,99289.76494895658,0,140k followers
640797.0,1.0,640797,640797,1,timfraz23,640797,,0,57.3k followers
653980.8,1.0,802087,598484,5,tysonchandler,3269904,85445.03861664527,0,318k followers
598484.0,1.0,598484,598484,1,antdavis23Â,598484,,0,
598484.0,1.0,598484,598484,1,solohill,598484,,0,27.8k followers
658376.0,1.0,658376,658376,1,nbcsauthentic,658376,,0,323k followers
455575.0,0.5,655892,255258,2,bogdanbogdanovicÂ,911150,283291.0181738913,0,
546756.5,0.5,639206,454307,2,ruuufioÂ,1093513,130743.33673461144,0,
539168.5714285715,0.7142857142857143,700809,154757,7,hassanwhiteside,3774180,221027.38672681653,0,704k followers
808211.0,1.0,808211,808211,1,dtheis10Â,808211,,0,
641382.5,1.0,786020,538730,4,nvonleh,2565530,104533.28344439712,0,
326857.0,0.0,326857,326857,1,Google,326857,,0,
659066.2352941176,1.0,737802,561268,17,gallo_locknez,11204126,62900.71841256009,0,15.6k followers
607273.1666666665,1.0,720137,508158,6,spidadmitchellÂ,3643639,86127.33643023371,0,
383580.0,0.0,383580,383580,1,rebelwilson,383580,,0,6.4m followers
383580.0,0.0,383580,383580,1,hugh_sheridan,383580,,0,86.8k followers
607543.0,1.0,607543,607543,1,NBAGLeagueÂ,607543,,0,
657609.0,1.0,657609,657609,1,nemanjabjelica8,657609,,0,79.8k followers
638520.0,1.0,719026,493538,4,planetpat5,2554080,101467.76363292268,0,231 followers
598570.0,1.0,598570,598570,1,deandreÂ,598570,,0,
320141.33333333326,0.0,334774,312825,3,SacramentoKings,960424,12672.261058443095,0,
400436.66666666674,0.3333333333333333,598635,273272,6,Pacers,2402620,129617.83547593546,0,
739977.0,1.0,900034,603464,3,makeawishamerica,2219931,149680.26315115832,0,306k followers
264587.16666666674,0.0,314140,237367,12,mgmresortsintl,3175046,23625.97741636921,0,72.1k followers
310302.0,0.0,310302,310302,2,larrydn7Â,620604,0.0,0,
661550.0,1.0,661550,661550,1,ninja,661550,,0,13.8m followers
688814.0,1.0,779025,598603,2,troywilliams_,1377628,127577.61967523927,0,41.3k followers
546054.0,1.0,546054,546054,1,brandonknight,546054,,0,156k followers
634329.9142857143,0.9142857142857144,791393,268778,35,johnwall,22201547,131488.24349534995,0,4.2m followers
702642.0,1.0,702642,702642,1,andredrummonddÂ,702642,,0,
656245.0,1.0,656245,656245,1,matthewdelly,656245,,0,441k followers
419739.33333333326,0.5,735738,185907,6,sbird10,2518436,254464.09672538613,0,197k followers
534839.15,0.7,730685,271617,20,deandreayton,10696783,154354.379385564,0,381k followers
561927.6666666665,0.5555555555555556,869687,365028,9,jhart,5057349,182071.82279941067,0,655k followers
616144.25,1.0,690175,511901,4,tjmcconnell,2464577,79431.89363379171,0,127k followers
648011.0909090909,1.0,744172,591756,11,milosteodosic4,7128122,47081.861285328436,0,179k followers
614319.0,1.0,614319,614319,1,3dtv,614319,,0,"5,663 followers"
324236.0,0.0,324236,324236,1,jessicaalba,324236,,0,15.6m followers
324236.0,0.0,324236,324236,1,gabunion,324236,,0,13m followers
726253.1875,1.0,903826,598700,16,realtristan13,11620051,105842.90558509737,0,3m followers
641052.0,1.0,641052,641052,1,mkg14Â,641052,,0,
641052.0,1.0,641052,641052,1,ahmad_monkÂ,641052,,0,
641436.5,1.0,675503,614364,4,daanteee,2565746,30959.676898615508,0,159k followers
724871.4,0.6333333333333333,1053787,378568,30,kingjamesÂ,21746142,254084.5248911173,0,
533096.3333333335,0.6666666666666666,678344,322190,3,ygtreceÂ,1599289,186935.05104804004,0,
278368.0,0.0,278368,278368,1,tmac213,278368,,0,657k followers
598766.0,1.0,598766,598766,1,wendellcarterjrÂ,598766,,0,
657378.0,1.0,729374,598766,4,zachlavine8Â,2629512,54938.21443524838,0,
620243.0,1.0,656399,584087,2,keefmorris5,1240486,51132.30556116162,0,
354095.0,0.0,354095,354095,1,fibawc,354095,,0,233k followers
409618.5555555556,0.4444444444444444,677844,159402,9,usabasketball,3686567,181954.957593982,0,3m followers
586900.0,1.0,586900,586900,1,daluss_,586900,,0,"5,954 followers"
586900.0,1.0,586900,586900,1,teddysphotos,586900,,0,29.3m followers
586900.0,1.0,586900,586900,1,NBAAcademy,586900,,0,
786967.3333333335,1.0,853523,659605,3,houseobayne,2360902,110336.46593186377,0,144k followers
689099.0,1.0,689099,689099,1,zach_ballin30,689099,,0,16.8k followers
635187.0,1.0,635187,635187,1,javalemcgeeÂ,635187,,0,
671013.5,1.0,712645,629382,2,juanchiviris41,1342027,58875.831921935496,0,71k followers
618817.75,1.0,635187,602355,4,alexlen_21,2475271,18901.73595863618,0,40.7k followers
652629.8,1.0,700985,595714,5,johnwallÂ,3263149,45740.27368413967,0,
626976.2,1.0,663904,573206,5,all,3134881,36892.81214816783,0,126k followers
656820.0,1.0,696364,607357,4,treylyles,2627280,41161.44290473792,0,168k followers
677939.0,1.0,690000,665878,2,ry_arch15,1355878,17056.8297757819,0,77.5k followers
696364.0,1.0,696364,696364,1,dlamarc33,696364,,0,14.4k followers
692890.0,1.0,750547,635233,2,leafsquad,1385780,81539.31136574554,0,106k followers
706756.5,1.0,717149,696364,2,gmb_chum12Â,1413513,14697.21444696239,0,
631283.0,1.0,643327,619239,2,1tyus,1262566,17032.788145221555,0,404k followers
493123.8,0.6,780689,205326,10,nba2k,4931238,190535.17790849603,0,2.8m followers
579489.0,1.0,579489,579489,1,dbacon,579489,,0,221k followers
600823.0,1.0,600823,600823,1,theqarena,600823,,0,398 followers
635083.6,0.8,868247,338089,10,juliusrandle30,6350836,155489.6487431452,0,758k followers
850898.0,1.0,850898,850898,1,ajones,850898,,0,17.4k followers
306935.0,0.0,306935,306935,1,official_flo,306935,,0,774k followers
306935.0,0.0,306935,306935,1,irie,306935,,0,99.1k followers
310971.0,0.0,310971,310971,1,djkhaled,310971,,0,15.4m followers
310971.0,0.0,310971,310971,1,bigsean,310971,,0,11m followers
688885.0,1.0,688885,688885,1,shelvin,688885,,0,20 followers
486924.3773584906,0.5094339622641509,854476,179797,53,NBA,25806992,185547.09171147266,0,
761625.0,1.0,761625,761625,1,nbaeurope,761625,,0,176k followers
530508.0,1.0,530508,530508,1,djjasonleroux,530508,,0,"1,847 followers"
508846.66666666674,0.5555555555555556,754050,270312,9,nbacares,4579620,200183.63571730832,0,583k followers
552079.0,1.0,559977,544181,2,BenSimmons,1104158,11169.458715622704,0,
544181.0,1.0,544181,544181,1,YgTrece,544181,,0,
440320.0,0.5,559977,320663,2,KarlTowns,880640,169220.55223287744,0,
450401.5,0.5,625049,253239,6,Timberwolves,2702409,168660.0254402329,0,
645366.5,1.0,645743,644990,2,y0bull,1290733,532.4514062334703,0,196k followers
745148.0,1.0,745148,745148,1,dameologyÂ,745148,,0,
592288.7142857143,0.8571428571428571,750357,264185,14,dwighthoward,8292042,140133.29311844413,0,1.9m followers
727017.0,1.0,802087,651947,2,tysonchandlerÂ,1454034,106165.01212734824,0,
330110.0,0.0,330110,330110,1,ralph,330110,,0,"7,678 followers"
672131.0,1.0,727584,628502,5,jvalanciunas,3360655,36047.952410643244,0,258k followers
537705.2,0.8,667626,440761,5,devinrob1nson,2688526,86595.21625182306,0,27.8k followers
532482.0,1.0,532482,532482,1,gatorsmbk,532482,,0,57.9k followers
532482.0,1.0,532482,532482,1,capitalcitygogo,532482,,0,"7,850 followers"
275016.0,0.0,275016,275016,1,michaelbjordan,275016,,0,10.8m followers
275016.0,0.0,275016,275016,1,tessamaethompson,275016,,0,2.6m followers
637620.0,1.0,637620,637620,1,bronzewhale,637620,,0,"8,952 followers"
648982.0,1.0,648982,648982,1,aarontaos,648982,,0,15.1k followers
740208.5,1.0,745868,734549,2,omricasspi18,1480417,8003.741656250531,0,286k followers
343287.0,0.0,345480,341094,2,obj,686574,3101.370342284197,0,13.2m followers
572784.0,1.0,572784,572784,1,mrjloyd,572784,,0,13.8k followers
466377.0,0.6666666666666666,608852,217495,3,raptors905,1399131,216291.26796752567,0,62.9k followers
680404.0,1.0,680404,680404,1,rekehavoc1,680404,,0,141k followers
690311.5,1.0,745148,635475,2,dameology,1380623,77550.52201307223,0,72.6k followers
732310.6666666665,1.0,829056,657395,3,jonasjerebko8,2196932,87887.85746810156,0,
663154.0,1.0,673087,648432,3,klaythompsonÂ,1989462,13006.465584469905,0,
660996.6666666665,1.0,663916,658967,3,d_dedmon3,1982990,2591.675198271059,0,51.1k followers
576768.0,0.6666666666666666,774836,378447,6,paugasol,3460608,169463.95556577804,0,1.3m followers
715283.0,1.0,723750,706816,2,codyzeller,1430566,11974.146232612995,0,31.5k followers
604016.6666666665,0.6666666666666666,786063,381160,3,therealpjtucker17Â,1812050,205513.31424589828,0,
554991.0,0.6666666666666666,754050,273845,3,ipromiseschool,1664973,250405.5054965845,0,376k followers
319744.0,0.0,319744,319744,1,IPROMISESchool,319744,,0,
629688.875,0.875,742946,367875,16,teamswish,10075022,102070.39679350393,0,4.3m followers
660155.0,1.0,660155,660155,1,out,660155,,0,14.7k followers
717829.0,1.0,717829,717829,1,atlharrythehawkÂ,717829,,0,
654826.0,1.0,654826,654826,1,blakegriffin23Â,654826,,0,
558717.5,0.5,671921,445514,2,iam_j3,1117435,160093.92500810267,0,30.3k followers
712645.0,1.0,712645,712645,1,juanchiviris41Â,712645,,0,
706880.0,1.0,706880,706880,1,omarispellman,706880,,0,41.2k followers
701173.0,1.0,701173,701173,1,hornetsÂ,701173,,0,
719732.0,1.0,803883,556387,3,celticsÂ,2159196,141482.63049222686,0,
584844.0,1.0,584844,584844,1,graysonjallenÂ,584844,,0,
647093.0,1.0,677450,616736,2,kellyolynyk,1294186,42931.28111296005,0,159k followers
607180.0,1.0,607180,607180,1,lsubasketball,607180,,0,60.4k followers
631571.5,1.0,655963,607180,2,blakeney96,1263143,34494.790106623346,0,203k followers
717148.0,1.0,717148,717148,1,gustogummi88,717148,,0,139k followers
717148.0,1.0,717148,717148,1,sixersfranklin,717148,,0,46.4k followers
652955.3333333335,1.0,715589,588380,3,thegarden,1958866,63626.72372779642,0,248k followers
654897.0,1.0,654897,654897,1,nicbatum88Â,654897,,0,
723789.0,1.0,723789,723789,1,1jordanbellÂ,723789,,0,
349840.0,0.0,349840,349840,1,NBA2KPlaygrounds,349840,,0,
710571.0,1.0,710571,710571,1,_dameology,710571,,0,
650830.0,1.0,675490,616702,3,treyburke,1952490,30516.217065684927,0,363k followers
654956.0,1.0,654956,654956,1,willyhernangomez,654956,,0,285k followers
677536.0,1.0,677536,677536,1,georgesniang,677536,,0,60.4k followers
717252.0,1.0,717252,717252,1,bportistime,717252,,0,118k followers
584715.0,0.5,723868,445562,2,oanunoby,1169430,196792.05984490327,0,111k followers
493473.0,0.6666666666666666,634164,281731,3,OKCThunder,1480419,186650.57814804645,0,
299314.5,0.0,316898,281731,2,LAClippers,598629,24866.82417398732,0,
626520.5,1.0,660334,592707,2,mikescottva,1253041,47819.51029130265,0,113k followers
616658.3333333335,1.0,723881,511459,3,godzgift_30,1849975,106225.4533025552,0,53.2k followers
691332.0,1.0,722330,660334,2,johnhenson31,1382664,43837.7920064412,0,80.6k followers
723881.0,1.0,723881,723881,1,officialzhouqiÂ,723881,,0,
596464.1176470588,0.7647058823529411,802428,178916,17,jrnba,10139890,212469.89950104765,0,148k followers
632693.75,0.75,790715,465021,4,StephenCurry30,2530775,161682.2721788529,0,
707072.0,1.0,707072,707072,1,samdek7,707072,,0,205k followers
211416.66666666663,0.0,298754,143702,3,breannastewart30,634250,79366.66467310651,0,172k followers
325434.21428571426,0.21428571428571427,735738,143702,14,seattlestorm,4556079,197114.91453315268,0,59.5k followers
504811.5,0.5,700067,309556,2,macbo50,1009623,276132.9762279399,0,156k followers
723934.0,1.0,723934,723934,1,stuffmagic,723934,,0,25.4k followers
679457.0,1.0,729838,629076,2,impjrose,1358914,71249.49348591891,0,82.7k followers
610107.0,1.0,610107,610107,1,UtahJazz,610107,,0,
596656.0,1.0,639473,514391,4,megalodon20,2386624,55913.85655929426,0,129k followers
627223.5,1.0,644329,610118,2,Suns,1254447,24190.830091172982,0,
665805.0,1.0,665805,665805,1,troybrown,665805,,0,31 followers
319902.0,0.0,319902,319902,1,BreannaStewart30,319902,,0,
159402.0,0.0,159402,159402,1,FIBA,159402,,0,
681766.5,1.0,683275,680258,2,BrooklynNets,1363533,2133.341158839814,0,
680258.0,1.0,680258,680258,1,dzananmusa,680258,,0,59k followers
732488.0,1.0,854476,615178,4,NBA2KLeague,2929952,105001.54783621046,0,
306102.0,0.0,306102,306102,1,PelicansNBA,306102,,0,
421603.33333333326,0.3333333333333333,822282,226327,6,adbphotoinc,2529620,220383.17909465477,0,88.5k followers
609700.0,1.0,609700,609700,1,DallasMavs,609700,,0,
710391.0,1.0,732734,688048,2,dbookÂ,1420782,31597.77362410206,0,
720176.0,1.0,720176,720176,1,jaytatum0Â,720176,,0,
767644.0,1.0,767644,767644,1,attcenter,767644,,0,14.7k followers
281649.0,0.0,284105,279193,2,neymarjr,563298,3473.308509188321,0,119m followers
253239.0,0.0,253239,253239,1,JimmyButler,253239,,0,
287043.0,0.125,557221,193761,8,washmystics,2296344,114737.36294188195,0,37.9k followers
609777.0,1.0,609777,609777,1,alexbazzell24,609777,,0,32.7k followers
669191.0,1.0,728605,609777,2,candaceparker,1338382,84024.08459483508,0,466k followers
653936.0,1.0,680369,627503,2,Giannis_An34,1307872,37381.907094208014,0,
660026.8333333335,0.8333333333333334,854476,349840,6,NBA2K,3960161,173613.440240572,0,
213939.5,0.0,236897,190982,2,mitchellness,427879,32466.80785818033,0,145 followers
318501.0,0.3333333333333333,621150,154556,3,lvaces,955503,262405.3923245481,0,40.7k followers
387853.0,0.5,621150,154556,2,aja22wilson,775706,329931.78146095603,0,131k followers
307249.0,0.0,307249,307249,1,stancehoops,307249,,0,325k followers
417358.33333333326,0.3333333333333333,680431,277211,3,stevenash,1252075,227990.2854977232,0,901k followers
799713.0,1.0,799713,799713,1,SteveNash,799713,,0,
277211.0,0.0,277211,277211,1,iamtinathompson,277211,,0,47.3k followers
277211.0,0.0,277211,277211,1,charliescott,277211,,0,67 followers
277211.0,0.0,277211,277211,1,smith30,277211,,0,"5,515 followers"
498758.5,0.5,720306,277211,2,realgranthill,997517,313315.4792098533,0,307k followers
255054.0,0.0,255054,255054,1,nbatvÂ,255054,,0,
706675.5,1.0,744844,668507,2,trayfourÂ,1413351,53978.41035543748,0,
815807.0,1.0,815807,815807,1,cbrickley603,815807,,0,644k followers
706830.0,1.0,706830,706830,1,brittneyyevettegriner,706830,,0,269k followers
462186.5,0.5,706830,175753,6,phoenixmercury,2773119,231222.95807704734,0,62.2k followers
479401.0,0.6666666666666666,620796,260186,3,de11edonne,1438203,192488.59011640144,0,385k followers
347359.33333333326,0.3333333333333333,560045,170607,3,atlantadream,1042078,197189.99035025414,0,28k followers
564160.75,0.875,684645,205326,8,frank_ntilikina,4513286,151333.04079201326,0,226k followers
617278.0,1.0,617278,617278,1,everybody_hatechriss,617278,,0,122k followers
777172.0,1.0,777172,777172,1,KnicksGaming,777172,,0,
271511.0,0.0,271511,271511,1,knicksgaming,271511,,0,11.2k followers
881334.0,1.0,881334,881334,1,reemix05,881334,,0,40.4k followers
465623.33333333326,0.4444444444444444,744561,248393,9,kobebryantÂ,4190610,231063.7166308245,0,
554277.25,1.0,605546,519108,4,bull1trc,2217109,42624.8626459175,0,177k followers
554277.25,1.0,605546,519108,4,dickssportinggoods,2217109,42624.8626459175,0,386k followers
450332.0,0.5,655535,245129,2,cgray209,900664,290200.86563964625,0,14.6k followers
500142.33333333326,0.6666666666666666,655535,245129,3,la_sparks,1500427,222601.6152891379,0,82.6k followers
729819.0,1.0,729819,729819,1,LindsayWhalenÂ,729819,,0,
460843.0,0.5,716104,193761,4,minnesotalynx,1843372,239404.74448515012,0,73.6k followers
666468.0,1.0,666468,666468,1,dukembb,666468,,0,1.1m followers
593913.7142857143,0.75,869434,226327,56,kevindurant,33259168,169102.70776400028,0,
673789.0,1.0,673789,673789,1,22wigginsÂ,673789,,0,
307692.0,0.0,307692,307692,1,lindsaywhalen,307692,,0,41.9k followers
305087.5,0.0,368920,241255,2,brian_babs_babineau,610175,90272.7872201806,0,41.3k followers
289982.0,0.0,317338,239333,3,natlyphoto,869946,43910.33924942963,0,80.4k followers
672217.0,1.0,672217,672217,1,shaigilalex,672217,,0,79 followers
672217.0,1.0,672217,672217,1,kknox_23Â,672217,,0,
306282.0,0.0,360745,251819,2,jdg7873,612564,77022.31324752588,0,42.3k followers
678417.0,1.0,678417,678417,1,joemurphyphoto,678417,,0,18.1k followers
678417.0,1.0,678417,678417,1,jeffhaynesmedia,678417,,0,"8,453 followers"
676211.0,1.0,676211,676211,1,DamianLillard,676211,,0,
676211.0,1.0,676211,676211,1,AdidasHoops,676211,,0,
423219.5555555556,0.4444444444444444,666625,190982,9,nike,3808976,191703.39769361878,0,88.5m followers
190982.0,0.0,190982,190982,1,lids,190982,,0,319k followers
433586.4,0.6,666625,190982,5,lollapalooza,2167932,221432.37789289077,0,392k followers
178916.0,0.0,178916,178916,1,waltdisneyworld,178916,,0,7.4m followers
178916.0,0.0,178916,178916,1,FS1,178916,,0,
178916.0,0.0,178916,178916,1,brlive,178916,,0,29.3k followers
783795.0,1.0,783795,783795,1,ktoli20,783795,,0,18.8k followers
201758.0,0.0,201758,201758,1,nikeÂ,201758,,0,
547752.0,1.0,547752,547752,1,twitch,547752,,0,3.2m followers
547752.0,1.0,547752,547752,1,Ninja,547752,,0,
614787.0,1.0,681822,547752,2,Nike,1229574,94801.80615368043,0,
415465.66666666674,0.3333333333333333,764303,236872,3,kareemabduljabbar_33,1246397,302130.8399854827,0,741k followers
127816.0,0.0,127816,127816,1,luoldeng9,127816,,0,325k followers
127816.0,0.0,127816,127816,1,7tlc,127816,,0,56k followers
448642.33333333326,0.6666666666666666,603248,154757,3,hbarnes,1345927,254627.49936001282,0,1.1m followers
560815.0,1.0,560815,560815,1,taylorbennett,560815,,0,253k followers
726156.0,1.0,726156,726156,1,freshfocussports,726156,,0,"2,557 followers"
568370.0,1.0,568370,568370,1,adidashoops,568370,,0,3m followers
273845.0,0.0,273845,273845,1,ljff,273845,,0,"6,699 followers"
625923.0,1.0,625923,625923,1,MooreMaya,625923,,0,
816058.0,1.0,816058,816058,1,northcoastbluechips,816058,,0,91.6k followers
617781.0,1.0,617781,617781,1,allie14quigs,617781,,0,"5,990 followers"
565129.0,1.0,565129,565129,1,BlakeGriffin23,565129,,0,
565129.0,1.0,565129,565129,1,USABasketball,565129,,0,
494926.0,1.0,494926,494926,1,drewhanlen,494926,,0,182k followers
494926.0,1.0,494926,494926,1,puresweat,494926,,0,122k followers
494926.0,1.0,494926,494926,1,samlimon_,494926,,0,87 followers
519069.0,1.0,519069,519069,1,sloot22,519069,,0,14k followers
416573.6486486487,0.3648648648648649,685006,220257,74,nbasummerleague,30826450,126064.13064290564,0,178k followers
290072.0,0.0,290072,290072,1,_wadeiv,290072,,0,38k followers
456567.0,0.5,527205,365028,4,chriswood_5,1826268,69533.45258698628,0,69.8k followers
430682.5,0.25,575264,256438,4,kocmj,1722730,131282.01540576687,0,67.2k followers
560045.0,1.0,560045,560045,1,tiphayes3,560045,,0,33.1k followers
567181.0,1.0,567181,567181,1,ecambage,567181,,0,137k followers
480209.0,0.0,480209,480209,1,austinjmills,480209,,0,58.6k followers
480209.0,0.0,480209,480209,1,mache275,480209,,0,558k followers
336675.33333333326,0.3333333333333333,582612,179797,3,NBASummerLeague,1010026,215669.93556899237,0,
527176.0,1.0,527176,527176,1,djstephens30Â,527176,,0,
247617.0,0.0,247617,247617,1,MGMResortsIntl,247617,,0,
489492.0,1.0,489492,489492,1,furkankorkkmaz,489492,,0,"1,455 followers"
477047.0,0.0,477047,477047,1,zhaire_smith,477047,,0,50k followers
477047.0,0.0,477047,477047,1,treydavis5,477047,,0,"1,483 followers"
554597.0,1.0,554597,554597,1,deanthony_melton,554597,,0,24.5k followers
440713.0,0.0,440713,440713,1,scoochstackin,440713,,0,15.7k followers
440713.0,0.0,440713,440713,1,cmohutchison,440713,,0,36.7k followers
281649.33333333326,0.0,308113,235480,3,gwephoto,844948,40126.339807330216,0,22.1k followers
235480.0,0.0,235480,235480,1,davidjdow,235480,,0,500 followers
235480.0,0.0,235480,235480,1,btyphoto,235480,,0,"1,627 followers"
564479.0,1.0,564479,564479,1,devinrob1nsonÂ,564479,,0,
540984.0,1.0,540984,540984,1,jayloaded0,540984,,0,27.2k followers
445546.0,0.0,445546,445546,1,wenyengabriel,445546,,0,60.1k followers
445546.0,0.0,445546,445546,1,dozier_kid,445546,,0,37.3k followers
511459.0,1.0,511459,511459,1,j_rob12,511459,,0,27.2k followers
472504.0,0.0,472504,472504,1,moritz_weasley,472504,,0,209k followers
488432.0,1.0,488432,488432,1,melvinjrr,488432,,0,23.1k followers
361424.0,0.0,451231,271617,2,mikalbridges,722848,127006.27739604055,0,83.1k followers
488441.0,1.0,488441,488441,1,therealegriff,488441,,0,15k followers
598988.6,0.8,723881,445562,5,officialzhouqi,2994943,104823.32802053176,0,67.3k followers
459875.66666666674,0.3333333333333333,527224,411634,3,lonniewalkeriv,1379627,60117.05713300788,0,138k followers
560709.0,1.0,560709,560709,1,wayneseldenjr,560709,,0,92.9k followers
457194.0,0.0,457194,457194,1,briskunoÂ,457194,,0,
630704.0,1.0,630704,630704,1,hunter_games31,630704,,0,57.1k followers
582299.3333333335,1.0,639459,511487,3,semiojeleye37,1746898,65069.229873522665,0,76 followers
451382.0,0.0,457194,445570,2,briskuno,902764,8219.409224512428,0,84.5k followers
451256.0,0.0,451256,451256,1,h_sims14,451256,,0,"4,320 followers"
410444.0,0.0,410444,410444,1,bigticket_hg,410444,,0,342 followers
564540.0,1.0,564540,564540,1,josh_j11Â,564540,,0,
663510.0,1.0,803999,523021,2,guerschony,1327020,198681.44916423372,0,76k followers
461355.0,0.0,477107,445603,2,okarowhite,922710,22276.692034500997,0,24.6k followers
440769.0,0.0,440769,440769,1,wholeteamdot,440769,,0,42.9k followers
586566.0,1.0,684647,488485,2,draganbender35,1173132,138707.48041111554,0,32.8k followers
406485.0,0.0,406485,406485,1,dtaegraham,406485,,0,146k followers
411664.0,0.0,411664,411664,1,kingrawle,411664,,0,259k followers
411664.0,0.0,411664,411664,1,trey_duval,411664,,0,
451514.0,0.5,484029,418999,2,utahjazzsl,903028,45983.15398056118,0,
580387.0,1.0,582760,578014,2,mb3fiveÂ,1160774,3355.9287835113546,0,
536868.6666666665,0.6666666666666666,665702,305431,3,iamamirjohnson,1610606,200859.49137228573,0,200k followers
839945.3333333335,1.0,892716,807274,3,cavsÂ,2519836,46131.022548100256,0,
606602.0,1.0,606602,606602,1,houstonrocketsÂ,606602,,0,
552972.0,1.0,552972,552972,1,pelicansnbaÂ,552972,,0,
601293.0,1.0,601293,601293,1,cp3basketballacademy,601293,,0,"9,945 followers"
312242.66666666674,0.0,349300,289784,6,statefarm,1873456,23871.821511285365,0,46.4k followers
623757.0,1.0,623757,623757,1,officialspikelee,623757,,0,1.2m followers
612857.0,1.0,612857,612857,1,deandreaytonÂ,612857,,0,
280338.0,0.0,280338,280338,1,sfreemanphoto,280338,,0,"5,374 followers"
309617.0,0.0,309617,309617,1,empirestatebldg,309617,,0,403k followers
340688.0,0.0,340688,340688,1,neweracap,340688,,0,1.1m followers
610685.0,1.0,610685,610685,1,mpj,610685,,0,
626636.0,1.0,626636,626636,1,swish41Â,626636,,0,
595191.0,0.8333333333333334,711608,300943,6,kevindurantÂ,3571146,150437.77088882966,0,
691057.0,1.0,691057,691057,1,RealJayWilliams,691057,,0,
404073.1428571429,0.14285714285714285,691057,321816,7,YouTube,2828512,131916.285423027,0,
252943.0,0.0,252943,252943,1,anthonyanderson,252943,,0,1.2m followers
252943.0,0.0,252943,252943,1,travisscott,252943,,0,17m followers
603133.0,1.0,603133,603133,1,theofficialai3Â,603133,,0,
461015.1428571429,0.2857142857142857,696743,336320,7,Cavs,3227106,127823.99830943142,0,
213824.0,0.0,213824,213824,1,MinnesotaLynx,213824,,0,
676944.0,1.0,676944,676944,1,e40,676944,,0,1.3m followers
665823.0,1.0,743121,529398,9,1jordanbell,5992407,71403.43384249808,0,116 followers
659468.8571428572,0.9285714285714286,927558,344562,14,al_horford,9232564,135290.11900746837,0,
419767.0,0.0,419994,419540,2,KlayThompson,839534,321.0264786586925,0,
375416.0,0.0,375416,375416,1,noahgphotos,375416,,0,53k followers
779465.2,1.0,903434,625866,5,indianageorge3,3897326,133170.19154337805,0,220k followers
593598.3333333335,0.8333333333333334,786063,381160,6,therealpjtucker17,3561590,141143.7971824007,0,29 followers
473127.33333333326,0.3333333333333333,717323,336576,3,justintimberlake,1419382,211972.98501538663,0,55.5m followers
365483.0,0.0,365483,365483,1,jjwatt,365483,,0,3.5m followers
609291.3333333335,1.0,611844,607262,3,thedr34m,1827874,2335.3991807254997,0,131k followers
687899.0,1.0,687899,687899,1,sylvia_fowles,687899,,0,36.7k followers
657032.0,1.0,657032,657032,1,UnderArmour,657032,,0,
670250.0,1.0,670250,670250,1,sportscenter,670250,,0,14m followers
680370.2,1.0,719300,625130,5,the2kferguson,3401851,34727.46682670649,0,0 followers
688727.0,1.0,688727,688727,1,underarmour,688727,,0,7.4m followers
479210.0,0.0,479210,479210,1,jonlopez13,479210,,0,"8,026 followers"
499110.33333333326,0.6666666666666666,623385,308246,3,KobeBryant,1497331,167790.89698292135,0,
332438.0,0.0,332438,332438,1,nbacoaches,332438,,0,"7,248 followers"
314897.0,0.0,314897,314897,1,kpthrive,314897,,0,17.6k followers
664044.0,1.0,664044,664044,1,nickfoles,664044,,0,329k followers
659797.0,1.0,659797,659797,1,pierretpelican,659797,,0,"9,334 followers"
659797.0,1.0,659797,659797,1,markingram22,659797,,0,125 followers
749974.0,1.0,749974,749974,1,StephenCurry30Â,749974,,0,
615968.0,1.0,615968,615968,1,thonmakerÂ,615968,,0,
317338.0,0.0,317338,317338,1,davidliamkyle,317338,,0,24.3k followers
615979.0,1.0,615979,615979,1,tylawson3,615979,,0,314k followers
559552.8,0.8,693885,248986,5,kevinhart4real,2797764,176695.65979304642,0,75.4m followers
632208.8571428572,1.0,663844,602367,7,atf_33,4425462,23888.70933048059,0,170k followers
653161.5,1.0,723052,583271,2,mgortat13,1306323,98840.0929810368,0,159k followers
704840.0,1.0,733581,676099,2,shanelarkin_0,1409680,40645.911996165116,0,189k followers
655044.0,1.0,655044,655044,1,bostonmarathon,655044,,0,190k followers
655044.0,1.0,655044,655044,1,des_linden,655044,,0,140k followers
296987.0,0.0,296987,296987,1,MiamiHEAT,296987,,0,
649833.5,1.0,652624,647043,2,manuginobiliÂ,1299667,3946.3629458021223,0,
616402.5,1.0,616669,616136,2,masonplumlee,1232805,376.8879143724298,0,
608859.6,0.8,779222,307402,5,willthethrillb5,3044298,178503.14285832614,0,108k followers
320249.33333333326,0.3333333333333333,532803,210410,3,WNBA,960748,184111.34488763407,0,
532803.0,1.0,532803,532803,1,DallasWings,532803,,0,
532803.0,1.0,532803,532803,1,SkyDigg4,532803,,0,
332648.0,0.0,332648,332648,1,Spurs_Austin,332648,,0,
733674.0,1.0,733674,733674,1,rsherman25,733674,,0,2m followers
350478.75,0.25,514478,285390,4,houseofhoops,1401915,109580.95309366801,0,227k followers
301104.0,0.0,301104,301104,1,DwightHoward,301104,,0,
669268.0,1.0,669268,669268,1,fskpart3,669268,,0,201k followers
217495.0,0.0,217495,217495,1,officialzobrown,217495,,0,26.8k followers
532822.0,1.0,532822,532822,1,gardenofdreamsfoundation,532822,,0,21 followers
632232.0,1.0,632232,632232,1,s_thornwell0,632232,,0,57.9k followers
664386.6,1.0,752828,512782,5,bobimarjanovic13,3321933,96279.36836519027,0,324 followers
545289.3684210526,0.631578947368421,727689,296802,19,jokara95,10360498,179774.0523936182,0,
632842.0909090909,0.9090909090909092,734535,296802,11,ebled2,6961263,118427.4495380649,0,593 followers
661118.5,1.0,675454,646783,2,balapat,1322237,20273.458523399506,0,348k followers
723235.0,1.0,723235,723235,1,tulis3,723235,,0,364k followers
622178.5333333333,0.8666666666666667,750262,288846,15,original00g,9332678,112035.42763395786,0,
619697.0,1.0,668236,595501,4,jjredick,2478788,33337.50827521457,0,0 followers
360649.0,0.0,360649,360649,1,moosemonroe15,360649,,0,128k followers
446718.0,0.5,616214,277222,2,dorisaburke,893436,239703.5419679901,0,52.1k followers
627709.5,1.0,639205,616214,2,champagnepapi,1255419,16257.092006259914,0,57.7m followers
573924.0,1.0,573924,573924,1,mavsgg,573924,,0,17.7k followers
512782.0,1.0,512782,512782,1,cwallacelac,512782,,0,633 followers
616225.0,1.0,616225,616225,1,alexabrines,616225,,0,151k followers
565324.6666666665,0.6666666666666666,654478,477590,3,denzelvalentine,1695974,88452.53301818627,0,189k followers
723808.0,1.0,723808,723808,1,michael8easley,723808,,0,317k followers
616669.0,1.0,616669,616669,1,masonplumleeÂ,616669,,0,
619973.1744966443,0.8825503355704698,956368,154757,298,g,184752006,130642.72108487725,0,
663160.6666666665,1.0,676013,654478,3,davidnwaba,1989482,11356.876609936962,0,50.3k followers
616680.0,1.0,616680,616680,1,megalodon20Â,616680,,0,
590289.0,1.0,618014,562564,2,1tylerennis,1180578,39209.07101679406,0,137k followers
727691.5,1.0,779321,676062,2,aldridge_121Â,1455383,73015.13911854173,0,
720770.4,1.0,781235,663668,5,zazapachulia,3603852,44786.94665078208,0,301k followers
903466.0,1.0,903466,903466,1,jmcalderon8,903466,,0,98.1k followers
417667.0,0.5,571149,264185,2,dwighthowardÂ,835334,217056.32598014735,0,
669907.0,1.0,669907,669907,1,mollysullivantv,669907,,0,19k followers
561286.0,1.0,562595,559977,2,WashWizards,1122572,1851.2055531463811,0,
609444.0,1.0,609444,609444,1,treydaviis,609444,,0,"4,451 followers"
609444.0,1.0,609444,609444,1,redclawshoops,609444,,0,17.6k followers
637935.0,1.0,726462,549408,2,masfresco,1275870,125196.08403620297,0,99.7k followers
620961.0,1.0,620961,620961,1,memphishustle,620961,,0,11.5k followers
890675.0,1.0,890675,890675,1,antezizic,890675,,0,60.7k followers
333302.0,0.0,333302,333302,1,stjude,333302,,0,301k followers
733488.0,1.0,793648,663964,3,brookiethewookie11,2200464,65347.13716759137,0,
676148.0,1.0,676148,676148,1,doedoe_10,676148,,0,28.5k followers
616819.5,1.0,616825,616814,2,ottodayporter22,1233639,7.7781745930520225,0,85k followers
270312.0,0.0,270312,270312,1,StJude,270312,,0,
253647.0,0.0,253647,253647,1,brandonjennings,253647,,0,157 followers
253647.0,0.0,253647,253647,1,nbagleagueÂ,253647,,0,
253647.0,0.0,253647,253647,1,wisconsinherd,253647,,0,29k followers
507741.0,1.0,507741,507741,1,darrenrovell,507741,,0,37.6k followers
507741.0,1.0,507741,507741,1,sizzman3,507741,,0,83 followers
742946.0,1.0,742946,742946,1,omarbensonmiller,742946,,0,109k followers
639406.6666666665,1.0,699026,602291,3,jjbarea11,1918220,52146.20136053376,0,366k followers
578640.0,1.0,578640,578640,1,gallo_locknezÂ,578640,,0,
660555.0,1.0,660555,660555,1,skal_labÂ,660555,,0,
674725.0,1.0,724136,639484,3,skal_lab,2024175,44069.058884891114,0,93.5k followers
724136.0,1.0,724136,724136,1,burniemiamiheat,724136,,0,24.1k followers
669711.0,1.0,703480,635942,2,kumhotireusa,1339422,47756.57778777705,0,"6,592 followers"
903826.0,1.0,903826,903826,1,realtristan13Â,903826,,0,
702737.0,1.0,717829,687645,2,atlharrythehawk,1405474,21343.311083334753,0,12.3k followers
631778.1,0.9,799347,463182,10,kuzmakyle,6317781,95719.42508469449,0,154 followers
624576.0,0.9333333333333332,823461,360170,15,tissot,9368640,106468.29870368523,0,155 followers
657464.0,1.0,710804,605458,3,emmanuelmudiay,1972392,52685.66784240284,0,386k followers
259742.0,0.0,259742,259742,1,asphaltchronicles,259742,,0,32k followers
540029.0,0.5,745802,334256,2,nerd,1080058,291006.9673701989,0,305k followers
745802.0,1.0,745802,745802,1,mettenarrative,745802,,0,339k followers
683459.0,1.0,683459,683459,1,mike_2reckless,683459,,0,"4,767 followers"
629211.0,1.0,629211,629211,1,dequanmjones,629211,,0,12.1k followers
283569.0,0.0,283569,283569,1,KendrickLamar,283569,,0,
283569.0,0.0,283569,283569,1,AmericanExpress,283569,,0,
283569.0,0.0,283569,283569,1,andradaymusic,283569,,0,234k followers
283569.0,0.0,283569,283569,1,common,283569,,0,2.9m followers
440072.0,0.0,440072,440072,1,sap,440072,,0,106k followers
330374.5,0.0,334256,326493,2,pharrell,660749,5489.2699423511685,0,12.1m followers
348491.5,0.0,367799,329184,2,afterschoolallstars,696983,27304.928355518532,0,11.8k followers
326493.0,0.0,326493,326493,1,migos,326493,,0,10m followers
788201.0,1.0,788201,788201,1,Gallo_Locknez,788201,,0,
319755.0,0.0,319755,319755,1,ruffles,319755,,0,177k followers
726906.0,1.0,726906,726906,1,iamjamiefoxx,726906,,0,7m followers
501431.0,0.6666666666666666,618252,267800,3,justinbieber,1504293,202330.38118631614,0,113m followers
618241.0,1.0,618241,618241,1,demarjaysmith,618241,,0,256k followers
265783.0,0.0,277421,254145,2,chadwickboseman,531566,16458.61743889808,0,6.9m followers
663820.0,1.0,663820,663820,1,jarriusrobertson,663820,,0,204k followers
514478.0,1.0,514478,514478,1,iam1cent,514478,,0,331k followers
663832.0,1.0,663832,663832,1,cabs,663832,,0,944 followers
563998.0,1.0,563998,563998,1,ManuGinobili,563998,,0,
694935.0,1.0,722447,667423,2,paulpierceÂ,1389870,38907.84352800859,0,
522112.8,0.6,722447,290303,5,paulpierce,2610564,205384.86154826503,0,774k followers
290303.0,0.0,290303,290303,1,tic_pix,290303,,0,871k followers
705669.5,1.0,772086,639253,2,maximilian,1411339,93927.11506535267,0,258 followers
635773.5,1.0,663880,607667,2,tajgibson22,1271547,39748.5934908394,0,447k followers
239843.0,0.0,239843,239843,1,rickandmorty,239843,,0,3.2m followers
559476.0,1.0,559476,559476,1,jimmybutlerÂ,559476,,0,
551873.0,1.0,551873,551873,1,DejounteMurray,551873,,0,
569807.5,1.0,660752,507701,4,ESPN,2279230,64726.73848572937,0,
486866.5,0.5,644549,329184,2,bhcrusade,973733,222996.73004889555,0,"1,313 followers"
316253.0,0.0,331061,290678,3,nikebasketball,948759,22240.568540394823,0,10.7m followers
662107.0,1.0,662107,662107,1,al_horfordÂ,662107,,0,
568712.0,1.0,568712,568712,1,Money23Green,568712,,0,
568712.0,1.0,568712,568712,1,mentornmp,568712,,0,"2,126 followers"
659759.3333333335,1.0,728499,583209,12,blakegriffin32,7917112,48528.43470741165,0,
717257.5,1.0,728372,706143,2,nenehilario_42,1434515,15718.276638995763,0,169k followers
475340.0,0.5,672436,278244,2,rasualbutler8,950680,278735.83628948755,0,41.9k followers
278244.0,0.0,278244,278244,1,leahlabelle,278244,,0,63.9k followers
693119.0,1.0,693119,693119,1,carmeloanthonyÂ,693119,,0,
639206.0,1.0,639206,639206,1,dillonbrooks24,639206,,0,133k followers
658885.0,1.0,658885,658885,1,jcamerato,658885,,0,"6,875 followers"
382739.0,0.0,382739,382739,1,terrellowens,382739,,0,375k followers
810668.0,1.0,810668,810668,1,mobil1,810668,,0,18.5k followers
684473.0,1.0,684473,684473,1,sdinwiddie_2508Â,684473,,0,
704658.0,1.0,770029,639287,2,rjanderson33,1409316,92448.5547858916,0,63.3k followers
639357.0,1.0,639403,639311,2,wayne_elli,1278714,65.05382386916237,0,69.5k followers
639322.0,1.0,639322,639322,1,bismackbiyomboÂ,639322,,0,
600314.0,1.0,600314,600314,1,nmaahc,600314,,0,174k followers
600314.0,1.0,600314,600314,1,ncrmuseum,600314,,0,15k followers
684560.0,1.0,684560,684560,1,gorguidiengÂ,684560,,0,
693295.0,1.0,693295,693295,1,j3vans1,693295,,0,45.4k followers
700898.0,1.0,700898,700898,1,swaggyp1,700898,,0,3.4m followers
639380.0,1.0,639380,639380,1,jakobÂ,639380,,0,
652808.0,1.0,652808,652808,1,michaeldapaah_,652808,,0,1.4m followers
379357.0,0.0,379357,379357,1,davidluiz_4,379357,,0,18.8m followers
379357.0,0.0,379357,379357,1,hazardeden_10,379357,,0,21.2m followers
379357.0,0.0,379357,379357,1,thibautcourtois,379357,,0,5.8m followers
357127.5,0.0,379357,334898,2,chelseafc,714255,31437.260384772715,0,16.8m followers
672880.5,1.0,700923,644838,2,kporzeeÂ,1345761,39658.08382284752,0,
334898.0,0.0,334898,334898,1,arsenal,334898,,0,14.3m followers
600583.0,1.0,600583,600583,1,thierryhenry,600583,,0,2.2m followers
600583.0,1.0,600583,600583,1,frenchtouch20,600583,,0,65 followers
656096.0,1.0,656096,656096,1,c_will_21,656096,,0,18.6k followers
601295.0,1.0,601295,601295,1,Mobil1,601295,,0,
642284.0,1.0,645084,639484,2,jarrettjack03,1284568,3959.7979746446654,0,111k followers
659670.8,1.0,751032,602258,5,tarikbblack,3298354,55396.37556013931,0,97.9k followers
542913.0,1.0,542913,542913,1,JoelEmbiid,542913,,0,
706270.5,1.0,706984,705557,2,jeriangrant,1412541,1009.0413767532033,0,100k followers
640561.6666666665,1.0,660348,602334,3,pushat305,1921685,33112.960156611385,0,"9,215 followers"
706429.0,1.0,706429,706429,1,pmccaw0,706429,,0,244k followers
520887.0,1.0,520887,520887,1,imisiahthomas,520887,,0,
623678.5,1.0,644990,602367,2,fmason0,1247357,30139.012334514213,0,171k followers
623134.0,1.0,623134,623134,1,enikonhart,623134,,0,
712841.0,1.0,712841,712841,1,3jmccollumÂ,712841,,0,
664765.5,1.0,684447,645084,2,35_fitz,1329531,27833.844227846068,0,46.5k followers
335920.0,0.0,335920,335920,1,pacersÂ,335920,,0,
595952.0,1.0,595952,595952,1,semiojeleye37Â,595952,,0,
722272.0,1.0,722272,722272,1,jdmccrary,722272,,0,183k followers
665879.0,1.0,665879,665879,1,flydre21,665879,,0,166k followers
583638.7291666665,0.8333333333333334,854893,280401,48,kyle,28014659,131885.47952896357,0,"7,746 followers"
669873.6666666665,1.0,715741,639402,3,courtneylee,2009621,40431.184058018065,0,156k followers
309817.0,0.0,309817,309817,1,sportsillustrated,309817,,0,1.2m followers
309817.0,0.0,309817,309817,1,mooremaya,309817,,0,235k followers
639228.0,1.0,639228,639228,1,averybradleycamps,639228,,0,
583112.0,1.0,583112,583112,1,mikemancias1,583112,,0,42.8k followers
603248.0,1.0,603248,603248,1,hbarnesÂ,603248,,0,
587922.0,1.0,587922,587922,1,realtracymorgan,587922,,0,48 followers
666270.5,1.0,693255,639286,2,waiters3,1332541,38161.84587385679,0,353k followers
624441.0,1.0,624441,624441,1,illwil21,624441,,0,
500257.0,1.0,500257,500257,1,jokara95Â,500257,,0,
543232.0,1.0,543232,543232,1,bucksÂ,543232,,0,
592825.0,1.0,592825,592825,1,lesdogggg,592825,,0,1.2m followers
734385.4,1.0,888792,639448,5,unclejg8,3671927,92749.93665658217,0,
704761.0,1.0,738244,647619,3,gdhayward,2114283,49729.607549225635,0,49 followers
674301.0,1.0,674301,674301,1,malcolmbrogdon92Â,674301,,0,
793648.0,1.0,793648,793648,1,brookiethewookie11Â,793648,,0,
714923.0,1.0,714923,714923,1,uabasketball,714923,,0,2m followers
658991.0,1.0,658991,658991,1,davidnwabaÂ,658991,,0,
608800.0,1.0,608800,608800,1,therealiceman44,608800,,0,29.3k followers
320763.0,0.0,320763,320763,1,yankees,320763,,0,2.2m followers
659015.0,1.0,659015,659015,1,mozg25,659015,,0,195k followers
711675.0,1.0,711675,711675,1,medinasyracuse,711675,,0,"1,176 followers"
847115.0,1.0,847115,847115,1,iam_jamesjohnson,847115,,0,60 followers
679353.0,1.0,679353,679353,1,winnieharlow,679353,,0,6.1m followers
618851.0,1.0,618851,618851,1,ZoÂ,618851,,0,
564524.0,1.0,564524,564524,1,NYKnicks,564524,,0,
734361.0,1.0,734361,734361,1,desmith4Â,734361,,0,
664571.0,1.0,664571,664571,1,stanimal,664571,,0,300k followers
279233.0,0.0,279233,279233,1,rogerfederer,279233,,0,6.1m followers
619239.0,1.0,619239,619239,1,bazz,619239,,0,121k followers
607667.0,1.0,607667,607667,1,jeffteague,607667,,0,124k followers
