avg_eng,max_eng,min_eng,n_posts,profile,std_eng,tot_eng,followers
481730.11926605506,848228,198217,218,@raptors,166244.4835208101,105017166,2400000.0
541361.4615384615,848228,127816,13,@sergeibaka,181581.29742882634,7037699,881000.0
633178.625,723934,502093,8,@normanpowell4,83453.2076314754,5065429,202000.0
601731.1428571428,696478,502093,7,@fredvanvleet,68670.12588073645,4212118,272000.0
587078.4222222222,854893,280401,45,@kyle_lowry7,130775.65606489628,26418529,1200000.0
569430.8888888889,706452,154757,9,@k_mid22,162026.06452778244,5124878,170000.0
487729.9948979592,810070,217833,196,@bucks,154154.21731574766,95595079,1800000.0
628804.2666666667,956368,253363,195,@giannis_an34,123048.81979498555,122616832,5000000.0
603939.3793103448,941443,304981,87,@lukadoncic,131724.5652172746,52542726,2600000.0
616215.7321428572,898784,287156,56,@traeyoung,115901.11941595907,34508081,1400000.0
570347.9823232323,909167,191794,396,@warriors,181868.6667351956,225857801,11900000.0
389966.8947368421,646783,236897,19,@nbastore,143650.35592441296,7409371,529000.0
704252.3034188034,1129585,284105,234,@stephencurry30,113019.95086503154,164795039,25600000.0
497181.72,851603,210915,75,@nbahistory,182159.0221897429,37288629,3200000.0
572974.9268292683,786669,292077,41,@money23green,145904.7900816471,23491972,3200000.0
483836.962962963,792027,198217,189,@trailblazers,161496.88518843875,91445186,1400000.0
662085.3333333334,718485,597919,9,@meyersleonard11,40518.27715056503,5958768,188000.0
623435.4634146341,887189,226758,82,@damianlillard,126460.37863740535,51121708,5900000.0
421140.3846153846,577007,283694,13,@budweiserusa,104072.78870301823,5474825,67700.0
552426.7218543047,853541,239843,151,@nbaonespn,112413.10844310871,83416435,2900000.0
613607.5,646075,581140,2,@kristenledlow,45915.97883634846,1227215,245000.0
701177.5,756280,646075,2,@reggiemillertnt,77926.70282066347,1402355,363000.0
575421.8947368421,696784,127816,19,@pskills43,145076.79598708125,10933016,355000.0
584748.0062761506,904413,204785,478,@nbaontnt,135502.6246421829,279509547,3900000.0
572136.0,723842,326003,12,@marcgasol,150126.1514387756,6865632,344000.0
434505.64705882355,718888,225247,17,@youtube,171242.3572228631,7386596,20000000.0
656624.3333333334,683063,626655,3,@zachcollins_33,28369.25838532501,1969873,90600.0
657134.0,767436,587922,6,@eneskanter11,62954.162744015586,3942804,392000.0
441064.275862069,683459,177134,29,@nbagleague,182160.07245334223,12790864,742000.0
574712.2727272727,693473,359722,11,@sdotcurry,118880.32374458855,6321835,1900000.0
471492.0,471492,471492,1,@spiceadams,,471492,1000000.0
471492.0,471492,471492,1,@tristanj22,,471492,1200000.0
471492.0,471492,471492,1,@jesser,,471492,548000.0
539064.5,606637,471492,2,@iamkrislondon,95561.94594345597,1078129,484000.0
640507.5192307692,922334,223230,52,@andre,132039.9972059106,33306391,1700000.0
650774.25,745016,538831,4,@flyght5,86042.90988173672,2603097,199000.0
697745.1666666666,829056,655460,6,@jonasjerebko,67400.6286956336,4186471,169000.0
600816.0,655460,546172,2,@jbell,77278.2859023154,1201632,403000.0
581411.2727272727,703300,366699,11,@thebledshow,103667.73253340782,6395524,596000.0
438830.71428571426,662497,300660,7,@magicjohnson,154191.1590847697,3071815,1700000.0
570921.5,602840,539003,2,@kenny,45139.57559060564,1141843,103000.0
602840.0,602840,602840,1,@oregonmbb,,602840,64000.0
488256.63095238095,815120,204785,252,@sixers,149458.78589467495,123040671,1900000.0
572795.2085889571,836685,255360,163,@bensimmons,140628.8724341201,93365619,4200000.0
601843.8347826087,799842,127816,115,@joelembiid,132979.8605458954,69212041,3500000.0
625995.4411764706,746862,346828,34,@3jmccollum,99612.80747525638,21283845,1100000.0
458329.753164557,802254,197310,158,@nuggets,169799.10699208084,72416101,943000.0
642280.9375,700987,523046,16,@thats_g_,52923.380944492135,10276495,139000.0
585508.9459459459,763345,251265,37,@jmglitxh27,145100.40368711474,21663831,344000.0
499527.12341772154,807341,210915,316,@houstonrockets,167096.58633854322,157850571,3600000.0
606819.9387755102,819753,338767,49,@klaythompson,143970.5565527214,29734177,6300000.0
641274.371040724,894402,210915,221,@jharden13,162258.2755518551,141721636,9800000.0
695243.4285714285,782535,588918,7,@sdot1414,71926.33011597618,4866704,663000.0
608067.4745762711,791083,247909,118,@cp3,134761.05284633048,71751962,8900000.0
379390.0,379390,379390,1,@beyonce,,379390,128000000.0
632451.1666666666,722177,515477,18,@officialeg10,60676.916455106715,11384121,296000.0
583720.0,649110,504415,6,@hoodie5,48863.27248967265,3502320,226000.0
610078.0857142857,816798,253239,35,@jimmybutler,135431.35556074837,21352733,4099999.9999999995
585865.4,665854,507172,10,@tobiasharris,54079.75874206541,5858654,359000.0
673117.0,673117,673117,1,@pjtucker,,673117,483000.0
646678.3676470588,907781,317545,68,@easymoneysniper,140369.2197121369,43974129,10500000.0
805191.34,1066099,226327,150,@kyrieirving,182251.82777352244,120778701,12600000.0
573641.1510067114,992351,220986,298,@celtics,175971.52552171162,170945063,4099999.9999999995
608020.375,696429,313530,8,@paulmillsap4,123964.66511520531,4864163,237000.0
539003.0,539003,539003,1,@kennysmith,,539003,285000.0
655298.0,719804,590792,2,@austinjrivers,91225.26005443887,1310596,340000.0
590792.0,590792,590792,1,@patconnaughton,,590792,95300.0
658097.5714285715,921085,388950,7,@alhorford,185086.3494578113,4606683,520000.0
663660.1,791543,497890,10,@youngamechanger,88928.89975761535,6636601,398000.0
650324.3636363636,746285,470063,33,@ccapela15,64667.90525050766,21460704,273000.0
452808.3333333333,632596,127816,3,@chiefhasarrived,281982.28404694743,1358425,84500.0
611528.6290322581,836311,305431,62,@vicoladipo,126510.41240801888,37914775,1300000.0
498166.5306122449,743687,212487,98,@pacers,160453.5228064311,48820320,1500000.0
656391.7272727273,948528,329611,33,@fchwpo,134642.8868633321,21660927,1000000.0
608747.6666666666,669920,505388,6,@foestar13,58112.77004812855,3652486,286000.0
601192.3636363636,794352,197310,77,@ygtrece,140353.3352941134,46291812,7800000.0
460881.6418604651,807735,198217,215,@okcthunder,159106.76682519636,99089553,4200000.0
622091.3333333334,723698,538977,3,@mbeasy5,93738.66200417698,1866274,89100.0
538977.0,538977,538977,1,@biggametae,,538977,115000.0
430226.0,430226,430226,1,@billwalton,,430226,48200.0
574218.2386363636,911889,210915,176,@nbatv,138259.53318017488,101062410,5100000.0
449574.3333333333,673514,270100,12,@footlocker,148759.1318842971,5394892,10100000.0
474111.0168067227,869172,198217,119,@spurs,176269.00005639408,56419211,2600000.0
620612.15,736756,330110,20,@trezz24,93978.77166583111,12412243,151000.0
501845.6790123457,702302,235502,81,@laclippers,153825.30302894147,40649500,2100000.0
276868.4,357921,221015,5,@adamsilvernba,50248.751047165344,1384342,400000.0
582782.3773584906,767754,231236,53,@demar_derozan,142474.00137558515,30887466,2400000.0
663055.75,790269,546536,4,@jakob,100811.94219725822,2652223,70500.0
572198.5769230769,714673,239347,26,@louwillville,132117.46198536304,14877163,842000.0
481402.55555555556,759726,199728,108,@utahjazz,164488.7779093142,51991476,812000.0
664444.6666666666,749970,537253,3,@andrewbogut,112312.92455605158,1993334,30200.0
533926.4655172414,831345,258469,174,@russwest44,170763.79363226792,92903205,13200000.0
690834.1875,750534,599153,16,@stevenadams,40212.54179849656,11053347,408000.0
480179.77777777775,800886,223601,9,@dwhite921,191873.0503423929,4321618,66800.0
469360.5967741936,801389,185328,62,@brooklynnets,172129.71514600428,29100357,1200000.0
643335.1523809524,846188,288846,105,@spidadmitchell,94353.15084317137,67550191,2300000.0
606752.2,706452,511378,5,@bossmann99,69412.10225673906,3033761,402000.0
608541.8,723619,311451,5,@reggie_jackson,168459.82943034222,3042709,140000.0
463567.1346153846,802413,220986,52,@detroitpistons,178871.30442973037,24105491,893000.0
613216.6923076923,789624,303594,13,@ruuufio,124806.69269540036,7971817,515000.0
483686.3548387097,776137,198217,62,@orlandomagic,177328.94212299972,29988554,892000.0
678012.0,723129,635200,4,@3tross1,39458.955662815,2712048,355000.0
576698.75,736751,154757,8,@danilogallogallinari,181669.27041251166,4613590,335000.0
641938.1666666666,921085,395706,18,@gordonhayward,127276.1891401114,11554887,1500000.0
639320.4782608695,867843,367768,69,@jaytatum0,106853.28720295285,44113113,2300000.0
623339.0,750409,419812,22,@turner_myles,92473.66698996762,13713458,175000.0
622823.75,681494,565603,4,@landryshamet,47686.20362589163,2491295,79700.0
696872.0,696872,696872,1,@rolls_royce00,,696872,75300.0
537391.3214285715,726906,267800,28,@espn,140108.90439941344,15046957,12900000.0
586689.7692307692,779321,271216,13,@aldridge_121,155992.77901084282,7626967,372000.0
626520.5,660334,592707,2,@mikescottva,47819.51029130265,1253041,113000.0
661926.4285714285,785558,535734,7,@carislevert,74889.95091211535,4633485,117000.0
631632.75,750547,451239,16,@_bigjayy_,80619.38081421034,10106124,94200.0
415822.6,608852,244899,5,@spurs_austin,140007.61742955275,2079113,30400.0
592653.25,665149,480932,4,@the_4th_holiday,84637.21136858185,2370613,62100.0
646758.3846153846,756621,502217,13,@youngheirgordon,75518.09416020603,8407859,989000.0
609253.0,609253,609253,1,@patbev21,,609253,264000.0
589483.3333333334,742658,349162,6,@boban,146417.8445814125,3536900,424000.0
618826.0,643889,593763,2,@spencerdinwiddie,35444.43451375688,1237652,171000.0
697323.1428571428,756749,629440,7,@kennethfaried35,48596.75918353874,4881262,520000.0
619365.7692307692,778612,398240,26,@gmb_chum12,89225.39721460821,16103510,615000.0
677822.2,745693,591681,5,@djaugustin,65392.37962255235,3389111,31800.0
581648.5,712017,451280,2,@khembirch,184368.90080623684,1163297,10300.0
612381.6,738864,477099,5,@jonisaac_01,94201.08523419462,3061908,76900.0
215511.5,255601,177134,4,@rgvvipers,40006.959815345464,862046,14700.0
286373.8333333333,562526,177134,6,@longislandnets,142267.92993421486,1718243,10900.0
500306.4583333333,774585,235502,96,@dallasmavs,162258.26360848418,48029420,1200000.0
525245.4925373135,754439,220257,67,@atlhawks,157800.99410692102,35191448,1000000.0
572448.0,572448,572448,1,@katielou33,,572448,109000.0
545758.5,572448,519069,2,@chicagosky,37744.65287295672,1091517,64700.0
546331.5846846846,911889,177134,1110,@nba,152797.125306898,606428059,37500000.0
405035.8125,783795,143702,48,@wnba,229629.80361374587,19441719,635000.0
602480.5833333334,834563,296132,12,@graysonjallen,144226.6877456573,7229767,465000.0
629860.7578125,960297,257718,128,@dwyanewade,142627.7669058418,80622177,13800000.0
441800.4,680356,300429,5,@delonwright,186686.6611057148,2209002,105000.0
404609.48484848486,807633,265683,33,@memgrizz,172414.98627876746,13352113,739000.0
528068.5744680851,869592,257718,47,@swish41,178532.0561303189,24819223,845000.0
502301.0425531915,802355,220257,94,@miamiheat,170483.28196685947,47216298,3400000.0
615379.8,675918,533028,5,@ud40,63372.628272780355,3076899,514000.0
623322.4,748373,411664,25,@milesbridges,90478.6977171054,15583060,283000.0
505827.2027027027,823257,210915,74,@hornets,173364.0376268199,37431213,1000000.0
616433.4390243902,809982,221015,41,@_kw15,124969.48495453777,25273771,1100000.0
536284.96,717356,261103,25,@carmeloanthony,160090.91629536636,13407124,6500000.0
760906.9466666667,1129585,273845,450,@kingjames,209379.52574613513,342408126,49500000.0
559051.8,670755,222692,5,@moe_harkless,190157.09916198236,2795259,86400.0
177134.0,177134,177134,1,@ipjh55,,177134,27100.0
526422.2727272727,748042,265994,55,@suns,150099.18586628156,28953225,1000000.0
605232.3333333334,809306,349964,3,@zmane2,233911.1768649231,1815697,197.0
491930.5,734970,248891,2,@channingfrye,343709.75709237583,983861,312000.0
586813.0,706465,343492,5,@tomasatoransky,142107.43757629296,2934065,67000.0
638313.5,640378,636249,2,@leaninorg,2919.643899519255,1276627,173000.0
263821.0,263821,263821,1,@americanairlinesarena,,263821,67300.0
469382.04545454547,745083,217833,88,@pelicansnba,161427.55821380523,41305620,1200000.0
293671.0,293671,293671,1,@alantwilliams,,293671,35100.0
511343.0,801002,313221,4,@evanturner,232682.96522235285,2045372,197000.0
586303.0,755406,417200,2,@oraclearena,239147.7560379775,1172606,134000.0
712082.0,712082,712082,1,@50mejri,,712082,105000.0
608949.3333333334,727702,306719,6,@supermariohezonja,155534.04651801055,3653696,81300.0
626162.5555555555,767053,375485,9,@23,110978.11631703693,5635463,10100.0
685623.6666666666,730685,586575,6,@callme_nonstop,60079.78702580983,4113742,69400.0
535252.6774193548,776333,226050,93,@timberwolves,164503.0970689135,49778499,1500000.0
646881.3125,888809,248891,16,@kevinlove,171419.91310024585,10350101,2900000.0
248891.0,248891,248891,1,@aplayersprogram,,248891,80000.0
373927.0,562526,185328,2,@tpinsonn,266719.26365000335,747854,125000.0
185328.0,185328,185328,1,@garydwayne,,185328,57700.0
368937.76470588235,720306,255054,17,@hoophall,157672.55180497072,6271942,339000.0
662319.7142857143,884949,440705,7,@acfresh21,135207.6271797247,4636238,106000.0
576556.6359649122,1044657,220257,228,@lakers,185875.40895597168,131454913,8400000.0
540035.0,685692,365028,12,@collinyoungbull,102165.06491146392,6480420,746000.0
650741.6896551724,876978,310302,29,@larrydn7,135603.6888252211,18871509,499000.0
553110.828125,738957,236872,64,@nyknicks,139331.52794473487,35399093,2000000.0
603028.4193548387,790570,240148,31,@blakegriffin23,147571.3283637835,18693881,3500000.0
575181.0,724398,239578,5,@jeremylamb1,195352.2880119401,2875905,113000.0
459086.7419354839,807735,198217,217,@okc,159510.9665492318,99621823,923.0
493871.94029850746,850838,191794,67,@sacramentokings,182330.19185033016,33089420,1100000.0
590914.4375,797746,266124,32,@boogiecousins,161495.28183199646,18909262,2900000.0
544653.0,895692,292157,13,@nbakicks,219217.78487005414,7080489,411000.0
604035.75,774325,154757,28,@jcollins20_,149342.77555010573,16913001,123000.0
621065.3461538461,847099,239843,52,@karltowns,127603.34917386629,32295398,2400000.0
654958.0,671233,638683,2,@dominiquewilkins21,23016.325727622123,1309916,130000.0
378281.0833333333,563906,290593,12,@expressmen,95483.76228587325,4539373,143000.0
579747.4210526316,774142,205326,19,@dloading,168579.60306445268,11015201,2900000.0
585893.0967741936,853198,298045,31,@dbook,157666.83689335873,18162686,2400000.0
610562.8,729116,440713,5,@dk2house,147975.84259499927,3052814,52400.0
651630.5,652916,650345,2,@_alvo_,1817.9715344306137,1303261,91100.0
671245.0,671245,671245,1,@mbeli21,,671245,358000.0
585328.9090909091,805970,255258,11,@bogdanbogdanovic,187382.19376581893,6438618,527000.0
587895.023255814,889775,276871,43,@rajonrondo,155799.72276604228,25279486,1100000.0
652469.5555555555,736649,564540,9,@josh_j11,54568.29269161514,5872226,319000.0
616631.75,671257,515858,4,@44bojan,71281.05876212839,2466527,70700.0
637040.6666666666,677505,550428,6,@ivicazubac,47876.77595940089,3822244,167000.0
655027.0,719207,546172,3,@qcook323,94774.3083593861,1965081,620000.0
599400.25,727518,154757,12,@rudygay,188876.1432137353,7192803,771000.0
674393.0,719220,629566,2,@james16johnson_,63394.95136049873,1348786,43000.0
639042.4827586206,776403,351816,29,@swipathefox,86034.73255179341,18532232,1200000.0
535570.0,691337,259279,3,@buddylove242,239923.01843091255,1606710,458000.0
439336.0,439336,439336,1,@billiejeanking,,439336,53800.0
720320.8181818182,953277,154757,22,@javalemcgee,163725.5488326022,15847058,1200000.0
632983.0,653207,612759,2,@nerlensnoel3,28601.055085433476,1265966,298000.0
675109.0909090909,786305,556558,11,@jabariparker,68000.70534112796,7426200,524000.0
511735.17333333334,832812,212487,75,@washwizards,162317.78908025447,38380138,1000000.0
564392.0,612926,515858,2,@wessywes23,68637.4410362158,1128784,174000.0
597639.6333333333,802152,257580,30,@manuginobili,146155.05398612976,17929189,1100000.0
594354.25,727795,337564,8,@the_1_dragon,163443.75878199117,4754834,329000.0
675862.8333333334,745787,614275,6,@pr00fessortrill,42952.52486835514,4055177,575000.0
520805.8,696503,265683,5,@mac11,199586.54290232094,2604029,451000.0
679730.3333333334,714292,628768,3,@nolimittb,45059.12831306586,2039191,75000.0
723083.8823529412,944891,598592,17,@unclejeffgreen,90407.62586743053,12292426,314000.0
673418.2,722958,573641,5,@justholla7,58685.36629944471,3367091,152000.0
627694.2,734455,305431,20,@rudygobert27,96761.243596695,12553884,320000.0
511703.0,511703,511703,1,@lrmuzician,,511703,558.0
568104.5,648982,441407,10,@unitedmasters,66808.10582099218,5681045,203000.0
588112.0,905061,314854,7,@chrisbosh,207535.36274733196,4116784,2200000.0
680310.2352941176,779321,524278,17,@stephensonlance,65084.77851956766,11565274,1800000.0
646647.0,719402,605392,7,@dwightpowell,41325.81430534673,4526529,49500.0
643104.5294117647,834919,411672,17,@therea1djones,111562.14966730296,10932777,228000.0
660375.6666666666,707265,612804,6,@jrich_0,44156.92596486611,3962254,177000.0
225551.0,225551,225551,1,@grdrive,,225551,17800.0
406170.5,608852,217495,4,@raptors905,213745.71879143373,1624682,63000.0
225551.0,225551,225551,1,@slcstars,,225551,8266.0
225551.0,225551,225551,1,@okcblue,,225551,45500.0
675833.25,706779,639402,4,@dougmcd03,33188.4850349736,2703333,294000.0
324148.0,324148,324148,1,@olskool888,,324148,2500.0
631513.6,673283,602367,5,@thonmaker,32660.700731919394,3157568,169000.0
646344.7674418605,996626,370577,43,@kuz,128252.81588978432,27792825,3000000.0
497047.5,645849,127816,4,@evanfournier10,246867.4607591423,1988190,114000.0
471652.0,671825,240475,4,@nicbatum88,223806.52907068343,1886608,218000.0
576694.2,791436,240475,10,@bosnianbeast27,157340.19925894478,5766942,395000.0
621546.25,677317,575466,4,@nicholascollison,42259.21796385573,2486185,106000.0
714052.5,779632,654288,4,@bennythebull,60496.42934642231,2856210,245000.0
680756.5,732654,628859,2,@chap,73394.1483532577,1361513,106000.0
598170.1428571428,806110,317444,14,@mb3five,131277.09723028154,8374382,583000.0
411167.3,700718,265994,10,@elfrid,159273.5328853758,4111673,125000.0
606802.7368421053,936604,326079,19,@isaiahthomas,140941.77550788765,11529252,3600000.0
410306.25,664238,303486,4,@beatsbydre,170715.20053854803,1641225,4200000.0
592968.8421052631,785991,223230,19,@andredrummondd,167071.53169800693,11266408,1100000.0
606266.0,606266,606266,1,@lukekennard5,,606266,208000.0
587292.7916666666,727584,289963,24,@bradbeal3,131440.317855334,14095027,934000.0
716964.6666666666,798834,612915,3,@caldwellpope,94923.35871814341,2150894,208000.0
608859.6,779222,307402,5,@willthethrillb5,178503.14285832614,3044298,108000.0
646641.0,680356,612926,2,@coryjoseph,47680.2102554089,1293282,211000.0
613680.0833333334,779730,370338,12,@hami,137074.56536462743,7364161,1628.0
670999.9166666666,834919,519249,12,@kellyoubrejr,83067.45499505845,8051999,737000.0
676265.1666666666,756499,644353,6,@fearthefro95,40751.49943948893,4057591,29400.0
633238.0857142857,974235,280089,70,@antdavis23,129262.9359870514,44326666,3300000.0
550375.0,612300,488450,2,@jalenbrunson1,87575.17484995391,1100750,100000.0
574296.1015625,973382,212487,256,@cavs,167775.22474426837,147019802,7100000.0
617002.75,684659,472521,4,@cediosman,97673.51499212396,2468011,578000.0
617350.4444444445,664706,535413,9,@laurimarkkanen,39739.71411293466,5556154,312000.0
684909.5,696341,673478,2,@dulenader2,16166.582338268036,1369819,51400.0
618004.0,618004,618004,1,@natalienakase,,618004,11400.0
399906.0,671996,127816,2,@_cd13,384793.36818609544,799812,56000.0
520824.0,520824,520824,1,@iisuperwomanii,,520824,8800000.0
629007.0,629007,629007,1,@fergski23,,629007,39900.0
557778.149078727,898784,185328,597,@t,150958.44471628816,332993555,
672008.0,672008,672008,1,@sterlingbrown23,,672008,83300.0
667417.0384615385,811194,502217,26,@zachlavine8,64138.5321506383,17352843,1800000.0
551297.3023255814,754549,199728,43,@chicagobulls,149881.9964209201,23705784,4300000.0
677939.0,690000,665878,2,@ry_arch15,17056.8297757819,1355878,77400.0
667223.8,717175,613026,5,@ishsmith5,42153.78820699274,3336119,40900.0
589949.0,854476,271511,11,@nba2kleague,195894.4128274209,6489439,112000.0
570976.0,570976,570976,1,@utahjazzgaming,,570976,3737.0
671229.5238095238,922334,329648,42,@desmith4,121876.10795318535,28191640,838000.0
639026.25,696505,613082,4,@kevin_huerter,38851.904092120545,2556105,59000.0
613048.0,613048,613048,1,@rich_holmes22,,613048,48500.0
662327.0,734589,613048,3,@iamjustise,63946.98888141646,1986981,634000.0
674265.3636363636,785288,460113,11,@bam1of1,92237.90198207322,7416919,203000.0
615094.3333333334,635268,603584,3,@nikstauskas11,17528.80407595833,1845283,148000.0
682547.75,696629,664791,4,@shai,16497.304898578637,2730191,178000.0
654424.5,719598,614364,4,@_dfavors15,47800.12576343288,2617698,77200.0
696941.0,696941,696941,1,@jdot43,,696941,162000.0
679720.7,890701,358253,10,@staplescenterla,192778.26153442025,6797207,108000.0
668247.0,706458,639230,5,@joeingles7,26280.03295279517,3341235,166000.0
513595.0,560936,466254,2,@littlechrisp,66950.28425630469,1027190,304000.0
636485.4285714285,785558,311932,35,@jrue_holiday11,99707.63384583176,22276990,201000.0
603705.0,603705,603705,1,@reellyphent,,603705,315.0
627283.6666666666,723776,535363,6,@iso_zo,72378.99896148514,3763702,217000.0
682241.0,682241,682241,1,@docrivers,,682241,21300.0
553796.2857142857,738957,365028,14,@kknox_23,113852.09103138941,7753148,308000.0
706183.0,706183,706183,1,@atolliver44,,706183,35400.0
681601.3333333334,774142,635187,3,@darrencollison_,80142.69758582707,2044804,20800.0
668801.25,700847,614422,8,@shabazznap13r,25657.488273406656,5350410,216000.0
632224.6666666666,663904,573206,3,@allencrabbe,51157.708718562964,1896674,73500.0
723037.0,723037,723037,1,@j_lay_lay,,723037,45500.0
467887.6216216216,902493,221015,74,@nbaallstar,169979.7333820182,34623684,1300000.0
614322.0,614322,614322,1,@sapsports,,614322,11300.0
574070.0,574070,574070,1,@rayemmanuel,,574070,109000.0
315891.5,333461,298322,2,@janellemonae,24847.025184114093,631783,3100000.0
523520.1612903226,786006,248393,31,@kobebryant,196098.15617152833,16229125,9700000.0
604882.5714285715,729055,458172,7,@theofficialai3,89793.65722005302,4234178,6400000.0
316774.5,384563,248986,2,@meekmill,95867.41607292855,633549,16800000.0
315087.0,315087,315087,1,@thanasis_ante43,,315087,404000.0
532983.0,767644,298322,2,@att,331860.76876003284,1065966,210000.0
469871.5,712033,267800,6,@quavohuncho,194821.9893387294,2819229,12900000.0
505044.875,828036,260817,8,@shaq,200435.72085864586,4040359,11900000.0
563052.5,712033,414072,2,@realcoleworld,210690.2436291249,1126105,4700000.0
645938.6666666666,786922,370338,3,@joeharris__12,238698.4019413061,1937816,59400.0
274267.0,354095,159402,4,@fiba,86088.80159076053,1097068,818000.0
323829.0,323829,323829,1,@nba_africa,,323829,7436.0
353488.0,353488,353488,1,@rmfycharlotte,,353488,1031.0
549331.0,797247,301415,2,@instagram,350606.16952928825,1098662,303000000.0
355701.0,355701,355701,1,@dreamville,,355701,882000.0
307608.5,339362,275855,2,@pottheiser,44906.23035281408,615217,5588.0
378672.0,378672,378672,1,@frenchmontana,,378672,11800000.0
670440.0,670440,670440,1,@rosgo21,,670440,226000.0
490056.0,729014,370577,3,@famouslos32,206943.6984375219,1470168,1300000.0
606637.0,606637,606637,1,@finishline,,606637,777000.0
710035.5,729014,691057,2,@realjaywilliams,26839.652093497785,1420071,267000.0
338088.0,338088,338088,1,@ohsnapjbsmoove,,338088,189000.0
338088.0,338088,338088,1,@chrisdaughtry,,338088,250000.0
492536.75,744844,277211,8,@trayfour,214195.223828137,3940294,2100000.0
321476.0,321476,321476,1,@badbunnypr,,321476,17200000.0
380457.0,380457,380457,1,@lebrechtmedia,,380457,5102.0
723142.0,723142,723142,1,@demarrecarroll1,,723142,197000.0
673180.0,723142,602442,5,@quese,46715.91759240098,3365900,86700.0
262989.0,262989,262989,1,@realbillrussell,,262989,77000.0
649029.5,720294,583387,6,@greenranger14,44732.823366069795,3894177,685000.0
700273.3333333334,841083,620426,3,@24baze,122309.78078769226,2100820,150000.0
595277.0,595277,595277,1,@liluzivert,,595277,9300000.0
706362.0,706362,706362,1,@stickity13,,706362,466000.0
695436.25,805740,635187,4,@jlin7,78331.4456795609,2781745,1700000.0
569842.2121212122,767261,271617,33,@deandre,147172.9921335683,18804793,2100000.0
666077.1111111111,706984,570502,9,@dsabonis11,42454.883504269696,5994694,119000.0
748834.3333333334,775116,723220,3,@yutawatanabe12,25954.435157277712,2246503,50900.0
408413.0,408413,408413,1,@kgarea21,,408413,227000.0
640673.5,674301,602258,4,@malcolmbrogdon,30793.263381244065,2562694,
596484.25,748386,309823,8,@timmyjr10,132702.58725516353,4771874,465000.0
742114.0,742114,742114,1,@clydefrazier,,742114,5391.0
620880.88,761503,236872,25,@kporzee,118326.82484835519,15522022,1600000.0
531271.5714285715,715453,290072,7,@jaren,182716.35083361418,3718901,113000.0
774437.0,774437,774437,1,@jasonwilliams55,,774437,234000.0
841205.0,841205,841205,1,@spurscoyote,,841205,72000.0
785658.0,785658,785658,1,@tcraig3_,,785658,41900.0
665622.8333333334,725347,616747,6,@ds17_fg,48956.46729663679,3993737,1500000.0
619546.0,619546,619546,1,@eji_org,,619546,51800.0
740784.5,785304,696265,2,@dmillerky,62960.08069006901,1481569,26400.0
629349.0,629349,629349,1,@jah8,,629349,576000.0
610532.7777777778,675527,406485,9,@ahmad_monk,88422.44867223733,5494795,421000.0
572831.1428571428,783809,259742,7,@nbaacademy,200248.0907702814,4009818,83900.0
577260.3333333334,696354,379357,3,@jusanderson1,172568.81865601716,1731781,88200.0
441407.0,441407,441407,1,@musicbybalance,,441407,1324.0
636823.6666666666,793056,379357,21,@markellefultz,105980.91674557893,13373297,2100000.0
567561.4666666667,861539,335586,15,@therealmobamba,150643.68409209227,8513422,620000.0
669255.3333333334,717252,637472,3,@krisdunn3,42289.07936256514,2007766,135000.0
432845.0,560709,304981,2,@kostas__ante13,180827.00293927343,865690,389000.0
536353.5,658967,245222,4,@dofficialmutombo,195485.60456548544,2145414,304000.0
634494.1538461539,750357,482231,13,@22wiggins,79640.71079107527,8248424,1900000.0
676852.0,676852,676852,1,@panicatthedisco,,676852,5000000.0
697911.0,734495,635304,3,@roadtoriches_0,54475.78376673437,2093733,22300.0
596541.0,596541,596541,1,@juniorknicks,,596541,3406.0
647121.6607142857,917522,309823,56,@zo,133973.94691320014,36238813,6500000.0
471669.25,615979,127816,4,@ianou76,231253.1699737685,1886677,52900.0
544377.0,544377,544377,2,@ains_mn,0.0,1088754,226000.0
544377.0,544377,544377,1,@adr13nsanmiguel,,544377,102000.0
544377.0,544377,544377,1,@antonio_michail,,544377,132000.0
566439.5714285715,762684,257135,14,@_tonyparker09,168921.8935383197,7930154,428000.0
632593.9090909091,785478,351591,11,@sdinwiddie_2508,114672.18059359868,6958533,
464150.3333333333,635327,154757,3,@gtemp17,268448.8152950825,1392451,39900.0
255618.0,255618,255618,1,@caronbutler,,255618,402000.0
255618.0,255618,255618,1,@matrix31,,255618,128000.0
255618.0,255618,255618,1,@gordongram,,255618,6500000.0
611395.5714285715,831324,328592,14,@1ngram4,135623.0338393969,8559538,2000000.0
506997.2,680270,290072,5,@sviat_10,169291.61928666168,2534986,132000.0
628469.0,628469,628469,1,@taureanprince,,628469,158000.0
615392.2,831907,377716,5,@kkorv26,161563.94231913256,3076961,721000.0
553674.1666666666,745749,365028,6,@wendellcarterjr,131039.80212960743,3322045,154000.0
647662.8,696327,588220,5,@mkg14,42547.950969465026,3238314,200000.0
320631.3333333333,326857,317307,3,@google,5395.7322332870945,961894,10000000.0
701481.0,701481,701481,1,@mannypacquiao,,701481,5000000.0
561927.6666666666,869687,365028,9,@jhart,182071.82279941067,5057349,656000.0
643328.4444444445,721972,579680,9,@jordanclarksons,40887.67521549467,5789956,1200000.0
691621.5,727808,628549,6,@tharealjsimms,41287.22412441893,4149729,121000.0
680835.0,680835,680835,1,@irv_roland,,680835,23800.0
610664.5,615390,605939,2,@swayyvo,6682.86618899406,1221329,6601.0
526498.125,697208,127816,8,@bismackbiyombo,211896.58175253964,4211985,112000.0
593512.5,736658,343050,4,@teamslowmo,173853.94675704086,2374050,136000.0
645985.4285714285,756678,459742,7,@jeramigrant,99289.76494895658,4521898,140000.0
640797.0,640797,640797,1,@timfraz23,,640797,57400.0
653980.8,802087,598484,5,@tysonchandler,85445.03861664527,3269904,318000.0
598484.0,598484,598484,1,@solohill,,598484,27700.0
658376.0,658376,658376,1,@nbcsauthentic,,658376,325000.0
539168.5714285715,700809,154757,7,@hassanwhiteside,221027.38672681653,3774180,703000.0
808211.0,808211,808211,1,@dtheis10,,808211,97200.0
641382.5,786020,538730,4,@nvonleh,104533.28344439711,2565530,
666240.3888888889,788201,561268,18,@gallo_locknez,68192.35805394559,11992327,15600.0
383580.0,383580,383580,1,@rebelwilson,,383580,6400000.0
383580.0,383580,383580,1,@hugh_sheridan,,383580,86800.0
657609.0,657609,657609,1,@nemanjabjelica8,,657609,79700.0
638520.0,719026,493538,4,@planetpat5,101467.76363292268,2554080,234.0
739977.0,900034,603464,3,@makeawishamerica,149680.26315115832,2219931,306000.0
263281.76923076925,314140,237367,13,@mgmresortsintl,23104.63272864646,3422663,72200.0
604651.0,661550,547752,2,@ninja,80467.33748546673,1209302,13800000.0
688814.0,779025,598603,2,@troywilliams_,127577.61967523927,1377628,41200.0
546054.0,546054,546054,1,@brandonknight,,546054,156000.0
634329.9142857143,791393,268778,35,@johnwall,131488.24349534995,22201547,4200000.0
656245.0,656245,656245,1,@matthewdelly,,656245,441000.0
419739.3333333333,735738,185907,6,@sbird10,254464.09672538616,2518436,198000.0
534839.15,730685,271617,20,@deandreayton,154354.379385564,10696783,382000.0
616144.25,690175,511901,4,@tjmcconnell,79431.89363379171,2464577,127000.0
648011.0909090909,744172,591756,11,@milosteodosic4,47081.86128532844,7128122,179000.0
614319.0,614319,614319,1,@3dtv,,614319,5652.0
324236.0,324236,324236,1,@jessicaalba,,324236,15700000.0
324236.0,324236,324236,1,@gabunion,,324236,13100000.0
726253.1875,903826,598700,16,@realtristan13,105842.90558509735,11620051,3000000.0
641436.5,675503,614364,4,@daanteee,30959.676898615508,2565746,159000.0
278368.0,278368,278368,1,@tmac213,,278368,659000.0
620243.0,656399,584087,2,@keefmorris5,51132.30556116162,1240486,
354095.0,354095,354095,1,@fibawc,,354095,234000.0
425169.6,677844,159402,10,@usabasketball,178458.21211526744,4251696,3000000.0
586900.0,586900,586900,1,@daluss_,,586900,5942.0
586900.0,586900,586900,1,@teddysphotos,,586900,29400000.0
786967.3333333334,853523,659605,3,@houseobayne,110336.46593186376,2360902,144000.0
689099.0,689099,689099,1,@zach_ballin30,,689099,16700.0
671013.5,712645,629382,2,@juanchiviris41,58875.8319219355,1342027,71000.0
618817.75,635187,602355,4,@alexlen_21,18901.73595863618,2475271,40800.0
626976.2,663904,573206,5,@all,36892.81214816783,3134881,126000.0
656820.0,696364,607357,4,@treylyles,41161.44290473792,2627280,167000.0
696364.0,696364,696364,1,@dlamarc33,,696364,14300.0
692890.0,750547,635233,2,@leafsquad,81539.31136574554,1385780,105000.0
631283.0,643327,619239,2,@1tyus,17032.788145221555,1262566,403000.0
555712.4375,854476,205326,16,@nba2k,196960.8004749401,8891399,2800000.0
579489.0,579489,579489,1,@dbacon,,579489,222000.0
600823.0,600823,600823,1,@theqarena,,600823,397.0
635083.6,868247,338089,10,@juliusrandle30,155489.6487431452,6350836,759000.0
850898.0,850898,850898,1,@ajones,,850898,17400.0
306935.0,306935,306935,1,@official_flo,,306935,775000.0
306935.0,306935,306935,1,@irie,,306935,99100.0
310971.0,310971,310971,1,@djkhaled,,310971,15400000.0
310971.0,310971,310971,1,@bigsean,,310971,11000000.0
688885.0,688885,688885,1,@shelvin,,688885,20.0
761625.0,761625,761625,1,@nbaeurope,,761625,178000.0
530508.0,530508,530508,1,@djjasonleroux,,530508,1849.0
508846.6666666667,754050,270312,9,@nbacares,200183.63571730832,4579620,583000.0
645366.5,645743,644990,2,@y0bull,532.4514062334703,1290733,197000.0
690311.5,745148,635475,2,@dameology,77550.52201307223,1380623,72700.0
572876.4,750357,264185,15,@dwighthoward,154554.9801775592,8593146,1900000.0
330110.0,330110,330110,1,@ralph,,330110,7678.0
672131.0,727584,628502,5,@jvalanciunas,36047.952410643244,3360655,258000.0
537705.2,667626,440761,5,@devinrob1nson,86595.21625182306,2688526,28700.0
532482.0,532482,532482,1,@gatorsmbk,,532482,57900.0
532482.0,532482,532482,1,@capitalcitygogo,,532482,7844.0
275016.0,275016,275016,1,@michaelbjordan,,275016,10900000.0
275016.0,275016,275016,1,@tessamaethompson,,275016,2700000.0
637620.0,637620,637620,1,@bronzewhale,,637620,8934.0
648982.0,648982,648982,1,@aarontaos,,648982,15200.0
740208.5,745868,734549,2,@omricasspi18,8003.741656250531,1480417,286000.0
343287.0,345480,341094,2,@obj,3101.3703422841972,686574,13300000.0
572784.0,572784,572784,1,@mrjloyd,,572784,14800.0
680404.0,680404,680404,1,@rekehavoc1,,680404,141000.0
732310.6666666666,829056,657395,3,@jonasjerebko8,87887.85746810155,2196932,
660996.6666666666,663916,658967,3,@d_dedmon3,2591.675198271059,1982990,51100.0
576768.0,774836,378447,6,@paugasol,169463.95556577804,3460608,1300000.0
715283.0,723750,706816,2,@codyzeller,11974.146232612995,1430566,31600.0
593598.3333333334,786063,381160,6,@therealpjtucker17,141143.7971824007,3561590,33.0
496179.25,754050,273845,4,@ipromiseschool,235875.45981071593,1984717,376000.0
629688.875,742946,367875,16,@teamswish,102070.39679350391,10075022,4300000.0
660155.0,660155,660155,1,@out,,660155,14700.0
702737.0,717829,687645,2,@atlharrythehawk,21343.31108333475,1405474,12400.0
558717.5,671921,445514,2,@iam_j3,160093.92500810267,1117435,30500.0
706880.0,706880,706880,1,@omarispellman,,706880,41400.0
647093.0,677450,616736,2,@kellyolynyk,42931.281112960045,1294186,159000.0
607180.0,607180,607180,1,@lsubasketball,,607180,60500.0
631571.5,655963,607180,2,@blakeney96,34494.790106623346,1263143,203000.0
717148.0,717148,717148,1,@gustogummi88,,717148,139000.0
717148.0,717148,717148,1,@sixersfranklin,,717148,46400.0
652955.3333333334,715589,588380,3,@thegarden,63626.72372779643,1958866,250000.0
665823.0,743121,529398,9,@1jordanbell,71403.43384249808,5992407,114.0
349840.0,349840,349840,1,@nba2kplaygrounds,,349840,42600.0
710571.0,710571,710571,1,@_dameology,,710571,
650830.0,675490,616702,3,@treyburke,30516.217065684927,1952490,363000.0
654956.0,654956,654956,1,@willyhernangomez,,654956,285000.0
677536.0,677536,677536,1,@georgesniang,,677536,60600.0
717252.0,717252,717252,1,@bportistime,,717252,118000.0
584715.0,723868,445562,2,@oanunoby,196792.0598449033,1169430,113000.0
616658.3333333334,723881,511459,3,@godzgift_30,106225.4533025552,1849975,53100.0
691332.0,722330,660334,2,@johnhenson31,43837.7920064412,1382664,80500.0
598988.6,723881,445562,5,@officialzhouqi,104823.32802053176,2994943,67200.0
596464.1176470588,802428,178916,17,@jrnba,212469.89950104765,10139890,149000.0
707072.0,707072,707072,1,@samdek7,,707072,205000.0
238538.0,319902,143702,4,@breannastewart30,84508.25518650038,954152,173000.0
325434.21428571426,735738,143702,14,@seattlestorm,197114.9145331527,4556079,59800.0
504811.5,700067,309556,2,@macbo50,276132.9762279399,1009623,156000.0
723934.0,723934,723934,1,@stuffmagic,,723934,25400.0
679457.0,729838,629076,2,@impjrose,71249.49348591891,1358914,82700.0
596656.0,639473,514391,4,@megalodon20,55913.85655929426,2386624,129000.0
665805.0,665805,665805,1,@troybrown,,665805,32.0
680258.0,680258,680258,1,@dzananmusa,,680258,59200.0
421603.3333333333,822282,226327,6,@adbphotoinc,220383.17909465474,2529620,88700.0
767644.0,767644,767644,1,@attcenter,,767644,14700.0
281649.0,284105,279193,2,@neymarjr,3473.3085091883213,563298,120000000.0
287043.0,557221,193761,8,@washmystics,114737.36294188195,2296344,38300.0
609777.0,609777,609777,1,@alexbazzell24,,609777,33100.0
669191.0,728605,609777,2,@candaceparker,84024.08459483508,1338382,466000.0
213939.5,236897,190982,2,@mitchellness,32466.80785818033,427879,133.0
318501.0,621150,154556,3,@lvaces,262405.3923245481,955503,41500.0
387853.0,621150,154556,2,@aja22wilson,329931.781460956,775706,131000.0
307249.0,307249,307249,1,@stancehoops,,307249,324000.0
512947.0,799713,277211,4,@stevenash,266836.6909453546,2051788,902000.0
277211.0,277211,277211,1,@iamtinathompson,,277211,47400.0
277211.0,277211,277211,1,@charliescott,,277211,67.0
277211.0,277211,277211,1,@smith30,,277211,5529.0
498758.5,720306,277211,2,@realgranthill,313315.4792098533,997517,307000.0
815807.0,815807,815807,1,@cbrickley603,,815807,645000.0
706830.0,706830,706830,1,@brittneyyevettegriner,,706830,271000.0
462186.5,706830,175753,6,@phoenixmercury,231222.95807704737,2773119,62600.0
479401.0,620796,260186,3,@de11edonne,192488.59011640144,1438203,386000.0
347359.3333333333,560045,170607,3,@atlantadream,197189.99035025417,1042078,28200.0
564160.75,684645,205326,8,@frank_ntilikina,151333.04079201323,4513286,225000.0
617278.0,617278,617278,1,@everybody_hatechriss,,617278,124000.0
524341.5,777172,271511,2,@knicksgaming,357556.3220815708,1048683,11300.0
881334.0,881334,881334,1,@reemix05,,881334,40400.0
554277.25,605546,519108,4,@bull1trc,42624.8626459175,2217109,177000.0
554277.25,605546,519108,4,@dickssportinggoods,42624.8626459175,2217109,387000.0
450332.0,655535,245129,2,@cgray209,290200.86563964625,900664,14800.0
500142.3333333333,655535,245129,3,@la_sparks,222601.61528913787,1500427,83400.0
518755.5,729819,307692,2,@lindsaywhalen,298488.86422193376,1037511,42500.0
411439.2,716104,193761,5,@minnesotalynx,234924.7773941693,2057196,74100.0
666468.0,666468,666468,1,@dukembb,,666468,1100000.0
593913.7142857143,869434,226327,56,@kevindurant,169102.70776400028,33259168,
305087.5,368920,241255,2,@brian_babs_babineau,90272.78722018059,610175,41300.0
289982.0,317338,239333,3,@natlyphoto,43910.33924942963,869946,80900.0
672217.0,672217,672217,1,@shaigilalex,,672217,80.0
306282.0,360745,251819,2,@jdg7873,77022.31324752588,612564,42400.0
678417.0,678417,678417,1,@joemurphyphoto,,678417,18200.0
678417.0,678417,678417,1,@jeffhaynesmedia,,678417,8472.0
622290.5,676211,568370,2,@adidashoops,76255.10238993847,1244581,3000000.0
458050.0,681822,190982,11,@nike,190536.17426305168,5038550,88600000.0
190982.0,190982,190982,1,@lids,,190982,320000.0
433586.4,666625,190982,5,@lollapalooza,221432.3778928908,2167932,392000.0
178916.0,178916,178916,1,@waltdisneyworld,,178916,7400000.0
178916.0,178916,178916,1,@fs1,,178916,268000.0
178916.0,178916,178916,1,@brlive,,178916,29500.0
783795.0,783795,783795,1,@ktoli20,,783795,18900.0
547752.0,547752,547752,1,@twitch,,547752,3200000.0
415465.6666666667,764303,236872,3,@kareemabduljabbar_33,302130.8399854827,1246397,742000.0
127816.0,127816,127816,1,@luoldeng9,,127816,325000.0
127816.0,127816,127816,1,@7tlc,,127816,55900.0
448642.3333333333,603248,154757,3,@hbarnes,254627.49936001282,1345927,1100000.0
560815.0,560815,560815,1,@taylorbennett,,560815,255000.0
726156.0,726156,726156,1,@freshfocussports,,726156,2559.0
273845.0,273845,273845,1,@ljff,,273845,34100.0
467870.0,625923,309817,2,@mooremaya,223520.69617375478,935740,235000.0
816058.0,816058,816058,1,@northcoastbluechips,,816058,91700.0
617781.0,617781,617781,1,@allie14quigs,,617781,5995.0
494926.0,494926,494926,1,@drewhanlen,,494926,182000.0
494926.0,494926,494926,1,@puresweat,,494926,123000.0
494926.0,494926,494926,1,@samlimon_,,494926,85.0
519069.0,519069,519069,1,@sloot22,,519069,14000.0
413460.7272727273,685006,179797,77,@nbasummerleague,129348.57844127972,31836476,178000.0
290072.0,290072,290072,1,@_wadeiv,,290072,37900.0
456567.0,527205,365028,4,@chriswood_5,69533.45258698627,1826268,69900.0
430682.5,575264,256438,4,@kocmj,131282.01540576684,1722730,67500.0
560045.0,560045,560045,1,@tiphayes3,,560045,33100.0
567181.0,567181,567181,1,@ecambage,,567181,137000.0
480209.0,480209,480209,1,@austinjmills,,480209,58600.0
480209.0,480209,480209,1,@mache275,,480209,558000.0
527176.0,527176,527176,1,@djstephens30,,527176,102000.0
489492.0,489492,489492,1,@furkankorkkmaz,,489492,1449.0
477047.0,477047,477047,1,@zhaire_smith,,477047,50000.0
477047.0,477047,477047,1,@treydavis5,,477047,1478.0
554597.0,554597,554597,1,@deanthony_melton,,554597,24600.0
440713.0,440713,440713,1,@scoochstackin,,440713,15700.0
440713.0,440713,440713,1,@cmohutchison,,440713,36600.0
281649.3333333333,308113,235480,3,@gwephoto,40126.339807330216,844948,26000.0
235480.0,235480,235480,1,@davidjdow,,235480,497.0
235480.0,235480,235480,1,@btyphoto,,235480,1634.0
540984.0,540984,540984,1,@jayloaded0,,540984,27100.0
445546.0,445546,445546,1,@wenyengabriel,,445546,60000.0
445546.0,445546,445546,1,@dozier_kid,,445546,37300.0
511459.0,511459,511459,1,@j_rob12,,511459,27200.0
472504.0,472504,472504,1,@moritz_weasley,,472504,209000.0
488432.0,488432,488432,1,@melvinjrr,,488432,23200.0
361424.0,451231,271617,2,@mikalbridges,127006.27739604055,722848,83200.0
488441.0,488441,488441,1,@therealegriff,,488441,15000.0
459875.6666666667,527224,411634,3,@lonniewalkeriv,60117.057133007875,1379627,138000.0
560709.0,560709,560709,1,@wayneseldenjr,,560709,92800.0
451382.0,457194,445570,2,@briskuno,8219.409224512428,902764,84400.0
630704.0,630704,630704,1,@hunter_games31,,630704,57000.0
582299.3333333334,639459,511487,3,@semiojeleye37,65069.22987352266,1746898,76.0
451256.0,451256,451256,1,@h_sims14,,451256,4317.0
410444.0,410444,410444,1,@bigticket_hg,,410444,341.0
663510.0,803999,523021,2,@guerschony,198681.44916423375,1327020,76100.0
461355.0,477107,445603,2,@okarowhite,22276.692034500993,922710,24500.0
440769.0,440769,440769,1,@wholeteamdot,,440769,42900.0
586566.0,684647,488485,2,@draganbender35,138707.48041111554,1173132,32800.0
406485.0,406485,406485,1,@dtaegraham,,406485,146000.0
411664.0,411664,411664,1,@kingrawle,,411664,259000.0
411664.0,411664,411664,1,@trey_duval,,411664,
451514.0,484029,418999,2,@utahjazzsl,45983.15398056118,903028,
536868.6666666666,665702,305431,3,@iamamirjohnson,200859.49137228576,1610606,200000.0
601293.0,601293,601293,1,@cp3basketballacademy,,601293,9963.0
312242.6666666667,349300,289784,6,@statefarm,23871.821511285365,1873456,46500.0
623757.0,623757,623757,1,@officialspikelee,,623757,1200000.0
280338.0,280338,280338,1,@sfreemanphoto,,280338,5385.0
309617.0,309617,309617,1,@empirestatebldg,,309617,404000.0
340688.0,340688,340688,1,@neweracap,,340688,1100000.0
610685.0,610685,610685,1,@mpj,,610685,685000.0
252943.0,252943,252943,1,@anthonyanderson,,252943,1200000.0
252943.0,252943,252943,1,@travisscott,,252943,17100000.0
676944.0,676944,676944,1,@e40,,676944,1300000.0
659468.8571428572,927558,344562,14,@al_horford,135290.11900746834,9232564,
375416.0,375416,375416,1,@noahgphotos,,375416,53400.0
779465.2,903434,625866,5,@indianageorge3,133170.19154337805,3897326,219000.0
473127.3333333333,717323,336576,3,@justintimberlake,211972.98501538663,1419382,55500000.0
365483.0,365483,365483,1,@jjwatt,,365483,3500000.0
609291.3333333334,611844,607262,3,@thedr34m,2335.3991807254993,1827874,131000.0
687899.0,687899,687899,1,@sylvia_fowles,,687899,36800.0
672879.5,688727,657032,2,@underarmour,22411.749429707623,1345759,7400000.0
670250.0,670250,670250,1,@sportscenter,,670250,14100000.0
680370.2,719300,625130,5,@the2kferguson,34727.46682670649,3401851,0.0
479210.0,479210,479210,1,@jonlopez13,,479210,8041.0
332438.0,332438,332438,1,@nbacoaches,,332438,7257.0
314897.0,314897,314897,1,@kpthrive,,314897,17800.0
664044.0,664044,664044,1,@nickfoles,,664044,330000.0
659797.0,659797,659797,1,@pierretpelican,,659797,9330.0
659797.0,659797,659797,1,@markingram22,,659797,134.0
317338.0,317338,317338,1,@davidliamkyle,,317338,24200.0
615979.0,615979,615979,1,@tylawson3,,615979,314000.0
559552.8,693885,248986,5,@kevinhart4real,176695.65979304642,2797764,75500000.0
632208.8571428572,663844,602367,7,@atf_33,23888.70933048059,4425462,170000.0
653161.5,723052,583271,2,@mgortat13,98840.0929810368,1306323,159000.0
704840.0,733581,676099,2,@shanelarkin_0,40645.91199616512,1409680,189000.0
655044.0,655044,655044,1,@bostonmarathon,,655044,190000.0
655044.0,655044,655044,1,@des_linden,,655044,141000.0
616402.5,616669,616136,2,@masonplumlee,376.8879143724298,1232805,
532803.0,532803,532803,1,@dallaswings,,532803,41900.0
532803.0,532803,532803,1,@skydigg4,,532803,1000000.0
733674.0,733674,733674,1,@rsherman25,,733674,2000000.0
350478.75,514478,285390,4,@houseofhoops,109580.953093668,1401915,228000.0
669268.0,669268,669268,1,@fskpart3,,669268,200000.0
217495.0,217495,217495,1,@officialzobrown,,217495,27000.0
532822.0,532822,532822,1,@gardenofdreamsfoundation,,532822,21.0
632232.0,632232,632232,1,@s_thornwell0,,632232,58000.0
664386.6,752828,512782,5,@bobimarjanovic13,96279.36836519027,3321933,327.0
545289.3684210526,727689,296802,19,@jokara95,179774.0523936182,10360498,
632842.0909090909,734535,296802,11,@ebled2,118427.4495380649,6961263,602.0
661118.5,675454,646783,2,@balapat,20273.458523399506,1322237,348000.0
723235.0,723235,723235,1,@tulis3,,723235,364000.0
622178.5333333333,750262,288846,15,@original00g,112035.42763395786,9332678,
619697.0,668236,595501,4,@jjredick,33337.50827521457,2478788,0.0
360649.0,360649,360649,1,@moosemonroe15,,360649,128000.0
446718.0,616214,277222,2,@dorisaburke,239703.5419679901,893436,53300.0
627709.5,639205,616214,2,@champagnepapi,16257.092006259914,1255419,57800000.0
573924.0,573924,573924,1,@mavsgg,,573924,17600.0
512782.0,512782,512782,1,@cwallacelac,,512782,634.0
616225.0,616225,616225,1,@alexabrines,,616225,151000.0
565324.6666666666,654478,477590,3,@denzelvalentine,88452.53301818628,1695974,189000.0
723808.0,723808,723808,1,@michael8easley,,723808,317000.0
618483.4554455446,956368,154757,303,@g,132997.43651549282,187400487,
663160.6666666666,676013,654478,3,@davidnwaba,11356.876609936964,1989482,50200.0
590289.0,618014,562564,2,@1tylerennis,39209.07101679406,1180578,137000.0
720770.4,781235,663668,5,@zazapachulia,44786.946650782076,3603852,301000.0
903466.0,903466,903466,1,@jmcalderon8,,903466,98100.0
669907.0,669907,669907,1,@mollysullivantv,,669907,19000.0
609444.0,609444,609444,1,@treydaviis,,609444,4456.0
609444.0,609444,609444,1,@redclawshoops,,609444,17600.0
637935.0,726462,549408,2,@masfresco,125196.08403620298,1275870,99600.0
620961.0,620961,620961,1,@memphishustle,,620961,11600.0
890675.0,890675,890675,1,@antezizic,,890675,60700.0
301807.0,333302,270312,2,@stjude,44540.65614694063,603614,302000.0
733488.0,793648,663964,3,@brookiethewookie11,65347.13716759136,2200464,
676148.0,676148,676148,1,@doedoe_10,,676148,28500.0
616819.5,616825,616814,2,@ottodayporter22,7.7781745930520225,1233639,85100.0
253647.0,253647,253647,1,@brandonjennings,,253647,155.0
253647.0,253647,253647,1,@wisconsinherd,,253647,29100.0
507741.0,507741,507741,1,@darrenrovell,,507741,37600.0
507741.0,507741,507741,1,@sizzman3,,507741,80.0
742946.0,742946,742946,1,@omarbensonmiller,,742946,109000.0
639406.6666666666,699026,602291,3,@jjbarea11,52146.20136053376,1918220,366000.0
674725.0,724136,639484,3,@skal_lab,44069.05888489111,2024175,93400.0
724136.0,724136,724136,1,@burniemiamiheat,,724136,24100.0
669711.0,703480,635942,2,@kumhotireusa,47756.577787777045,1339422,6655.0
631778.1,799347,463182,10,@kuzmakyle,95719.4250846945,6317781,155.0
624576.0,823461,360170,15,@tissot,106468.29870368524,9368640,155.0
657464.0,710804,605458,3,@emmanuelmudiay,52685.667842402836,1972392,386000.0
259742.0,259742,259742,1,@asphaltchronicles,,259742,32000.0
540029.0,745802,334256,2,@nerd,291006.96737019886,1080058,304000.0
745802.0,745802,745802,1,@mettenarrative,,745802,339000.0
683459.0,683459,683459,1,@mike_2reckless,,683459,4768.0
629211.0,629211,629211,1,@dequanmjones,,629211,12100.0
283569.0,283569,283569,1,@kendricklamar,,283569,9500000.0
283569.0,283569,283569,1,@americanexpress,,283569,355000.0
283569.0,283569,283569,1,@andradaymusic,,283569,234000.0
283569.0,283569,283569,1,@common,,283569,2900000.0
527197.0,614322,440072,2,@sap,123213.35662175591,1054394,106000.0
330374.5,334256,326493,2,@pharrell,5489.2699423511685,660749,12100000.0
348491.5,367799,329184,2,@afterschoolallstars,27304.928355518532,696983,11800.0
326493.0,326493,326493,1,@migos,,326493,10000000.0
319755.0,319755,319755,1,@ruffles,,319755,177000.0
726906.0,726906,726906,1,@iamjamiefoxx,,726906,7000000.0
501431.0,618252,267800,3,@justinbieber,202330.38118631617,1504293,113000000.0
618241.0,618241,618241,1,@demarjaysmith,,618241,256000.0
265783.0,277421,254145,2,@chadwickboseman,16458.61743889808,531566,6900000.0
663820.0,663820,663820,1,@jarriusrobertson,,663820,204000.0
514478.0,514478,514478,1,@iam1cent,,514478,332000.0
663832.0,663832,663832,1,@cabs,,663832,944.0
522112.8,722447,290303,5,@paulpierce,205384.86154826506,2610564,775000.0
290303.0,290303,290303,1,@tic_pix,,290303,871000.0
705669.5,772086,639253,2,@maximilian,93927.11506535267,1411339,258.0
635773.5,663880,607667,2,@tajgibson22,39748.5934908394,1271547,
239843.0,239843,239843,1,@rickandmorty,,239843,3200000.0
551873.0,551873,551873,1,@dejountemurray,,551873,666000.0
486866.5,644549,329184,2,@bhcrusade,222996.73004889555,973733,1313.0
316253.0,331061,290678,3,@nikebasketball,22240.568540394826,948759,10700000.0
568712.0,568712,568712,1,@mentornmp,,568712,2129.0
659759.3333333334,728499,583209,12,@blakegriffin32,48528.434707411645,7917112,
717257.5,728372,706143,2,@nenehilario_42,15718.276638995765,1434515,169000.0
475340.0,672436,278244,2,@rasualbutler8,278735.83628948755,950680,41800.0
278244.0,278244,278244,1,@leahlabelle,,278244,63800.0
639206.0,639206,639206,1,@dillonbrooks24,,639206,130000.0
658885.0,658885,658885,1,@jcamerato,,658885,6860.0
382739.0,382739,382739,1,@terrellowens,,382739,377000.0
705981.5,810668,601295,2,@mobil1,148049.06809737103,1411963,18600.0
704658.0,770029,639287,2,@rjanderson33,92448.5547858916,1409316,63200.0
639357.0,639403,639311,2,@wayne_elli,65.05382386916237,1278714,69400.0
600314.0,600314,600314,1,@nmaahc,,600314,175000.0
600314.0,600314,600314,1,@ncrmuseum,,600314,15000.0
684560.0,684560,684560,1,@gorguidieng,,684560,110000.0
693295.0,693295,693295,1,@j3vans1,,693295,45400.0
700898.0,700898,700898,1,@swaggyp1,,700898,3400000.0
652808.0,652808,652808,1,@michaeldapaah_,,652808,1400000.0
379357.0,379357,379357,1,@davidluiz_4,,379357,18800000.0
379357.0,379357,379357,1,@hazardeden_10,,379357,21800000.0
379357.0,379357,379357,1,@thibautcourtois,,379357,5800000.0
357127.5,379357,334898,2,@chelseafc,31437.260384772715,714255,16900000.0
334898.0,334898,334898,1,@arsenal,,334898,14400000.0
600583.0,600583,600583,1,@thierryhenry,,600583,2200000.0
600583.0,600583,600583,1,@frenchtouch20,,600583,65.0
656096.0,656096,656096,1,@c_will_21,,656096,18700.0
642284.0,645084,639484,2,@jarrettjack03,3959.7979746446663,1284568,111000.0
659670.8,751032,602258,5,@tarikbblack,55396.37556013931,3298354,97800.0
706270.5,706984,705557,2,@jeriangrant,1009.0413767532033,1412541,100000.0
640561.6666666666,660348,602334,3,@pushat305,33112.960156611385,1921685,9235.0
706429.0,706429,706429,1,@pmccaw0,,706429,244000.0
520887.0,520887,520887,1,@imisiahthomas,,520887,
623678.5,644990,602367,2,@fmason0,30139.012334514216,1247357,171000.0
623134.0,623134,623134,1,@enikonhart,,623134,
664765.5,684447,645084,2,@35_fitz,27833.84422784607,1329531,46500.0
722272.0,722272,722272,1,@jdmccrary,,722272,184000.0
665879.0,665879,665879,1,@flydre21,,665879,165000.0
583638.7291666666,854893,280401,48,@kyle,131885.47952896354,28014659,7759.0
669873.6666666666,715741,639402,3,@courtneylee,40431.18405801806,2009621,156000.0
309817.0,309817,309817,1,@sportsillustrated,,309817,1200000.0
639228.0,639228,639228,1,@averybradleycamps,,639228,
583112.0,583112,583112,1,@mikemancias1,,583112,42700.0
587922.0,587922,587922,1,@realtracymorgan,,587922,70.0
666270.5,693255,639286,2,@waiters3,38161.845873856786,1332541,352000.0
624441.0,624441,624441,1,@illwil21,,624441,
592825.0,592825,592825,1,@lesdogggg,,592825,1200000.0
734385.4,888792,639448,5,@unclejg8,92749.93665658215,3671927,97.0
704761.0,738244,647619,3,@gdhayward,49729.60754922564,2114283,49.0
674301.0,674301,674301,1,@malcolmbrogdon92,,674301,46.0
714923.0,714923,714923,1,@uabasketball,,714923,2000000.0
608800.0,608800,608800,1,@therealiceman44,,608800,29300.0
320763.0,320763,320763,1,@yankees,,320763,2200000.0
659015.0,659015,659015,1,@mozg25,,659015,195000.0
711675.0,711675,711675,1,@medinasyracuse,,711675,1179.0
847115.0,847115,847115,1,@iam_jamesjohnson,,847115,60.0
679353.0,679353,679353,1,@winnieharlow,,679353,6100000.0
664571.0,664571,664571,1,@stanimal,,664571,299000.0
279233.0,279233,279233,1,@rogerfederer,,279233,6100000.0
619239.0,619239,619239,1,@bazz,,619239,121000.0
607667.0,607667,607667,1,@jeffteague,,607667,124000.0
